Visit Type,Organization Hierarchy,FC,Post Calendar Date,Total Payments
Inpatient,Bellevue,A,Q1 2019,-15468012
Inpatient,Bellevue,A,Q1 2020,-42126
Inpatient,Bellevue,A,Q2 2019,-4323864
Inpatient,Bellevue,A,Q2 2020,313
Inpatient,Bellevue,A,Q3 2018,-9861064
Inpatient,Bellevue,A,Q3 2019,-450387
Inpatient,Bellevue,A,Q4 2018,-13986367
Inpatient,Bellevue,A,Q4 2019,-76452
Inpatient,Bellevue,B,Q1 2019,-460429
Inpatient,Bellevue,B,Q1 2020,13027
Inpatient,Bellevue,B,Q2 2019,-140870
Inpatient,Bellevue,B,Q3 2018,-150
Inpatient,Bellevue,B,Q3 2019,6924
Inpatient,Bellevue,B,Q4 2018,-39548
Inpatient,Bellevue,B,Q4 2019,-167
Inpatient,Bellevue,C,Q1 2019,-2853799
Inpatient,Bellevue,C,Q1 2020,22308
Inpatient,Bellevue,C,Q2 2019,-1508464
Inpatient,Bellevue,C,Q2 2020,66714
Inpatient,Bellevue,C,Q3 2018,-1742390
Inpatient,Bellevue,C,Q3 2019,-226345
Inpatient,Bellevue,C,Q4 2018,-3244229
Inpatient,Bellevue,C,Q4 2019,-108695
Inpatient,Bellevue,F,Q1 2019,0
Inpatient,Bellevue,F,Q2 2019,0
Inpatient,Bellevue,H,Q1 2019,-3941383
Inpatient,Bellevue,H,Q1 2020,-155733
Inpatient,Bellevue,H,Q2 2019,-4479203
Inpatient,Bellevue,H,Q2 2020,95185
Inpatient,Bellevue,H,Q3 2018,-1713651
Inpatient,Bellevue,H,Q3 2019,-893920
Inpatient,Bellevue,H,Q4 2018,-4303877
Inpatient,Bellevue,H,Q4 2019,-586758
Inpatient,Bellevue,I,Q1 2019,-4581488
Inpatient,Bellevue,I,Q1 2020,163277
Inpatient,Bellevue,I,Q2 2019,-991195
Inpatient,Bellevue,I,Q3 2018,-4164413
Inpatient,Bellevue,I,Q3 2019,-132825
Inpatient,Bellevue,I,Q4 2018,-4597083
Inpatient,Bellevue,I,Q4 2019,96428
Inpatient,Bellevue,K,Q1 2019,-13678119
Inpatient,Bellevue,K,Q1 2020,7733
Inpatient,Bellevue,K,Q2 2019,-5178905
Inpatient,Bellevue,K,Q2 2020,0
Inpatient,Bellevue,K,Q3 2018,-10667769
Inpatient,Bellevue,K,Q3 2019,-310914
Inpatient,Bellevue,K,Q4 2018,-13559940
Inpatient,Bellevue,K,Q4 2019,-22821
Inpatient,Bellevue,M,Q1 2019,-25083985
Inpatient,Bellevue,M,Q1 2020,6499
Inpatient,Bellevue,M,Q2 2019,-9613847
Inpatient,Bellevue,M,Q2 2020,295711
Inpatient,Bellevue,M,Q3 2018,-17218575
Inpatient,Bellevue,M,Q3 2019,-745930
Inpatient,Bellevue,M,Q4 2018,-23839858
Inpatient,Bellevue,M,Q4 2019,-619542
Inpatient,Bellevue,P,Q1 2019,-86135
Inpatient,Bellevue,P,Q1 2020,3734
Inpatient,Bellevue,P,Q2 2019,-50785
Inpatient,Bellevue,P,Q3 2018,-16913
Inpatient,Bellevue,P,Q3 2019,0
Inpatient,Bellevue,P,Q4 2018,-66579
Inpatient,Bellevue,R,Q1 2019,-19337295
Inpatient,Bellevue,R,Q1 2020,-250337
Inpatient,Bellevue,R,Q2 2019,-9686299
Inpatient,Bellevue,R,Q2 2020,-73055
Inpatient,Bellevue,R,Q3 2018,-11253870
Inpatient,Bellevue,R,Q3 2019,-1561043
Inpatient,Bellevue,R,Q4 2018,-13768657
Inpatient,Bellevue,R,Q4 2019,-992150
Inpatient,Bellevue,S,Q1 2019,-181073
Inpatient,Bellevue,S,Q1 2020,-12335
Inpatient,Bellevue,S,Q2 2019,-171580
Inpatient,Bellevue,S,Q2 2020,-1314
Inpatient,Bellevue,S,Q3 2018,-36900
Inpatient,Bellevue,S,Q3 2019,-50112
Inpatient,Bellevue,S,Q4 2018,-103432
Inpatient,Bellevue,S,Q4 2019,-258
Inpatient,Bellevue,V,Q1 2019,0
Inpatient,Bellevue,V,Q2 2019,-12805
Inpatient,Bellevue,V,Q3 2018,0
Inpatient,Bellevue,V,Q3 2019,-53294
Inpatient,Bellevue,V,Q4 2018,-20096
Inpatient,Bellevue,W,Q1 2019,-781926
Inpatient,Bellevue,W,Q1 2020,-16023
Inpatient,Bellevue,W,Q2 2019,-598355
Inpatient,Bellevue,W,Q2 2020,-62591
Inpatient,Bellevue,W,Q3 2018,-105418
Inpatient,Bellevue,W,Q3 2019,-366661
Inpatient,Bellevue,W,Q4 2018,-276793
Inpatient,Bellevue,W,Q4 2019,-155464
Inpatient,Bellevue,Y,Q1 2019,-1049635
Inpatient,Bellevue,Y,Q1 2020,-62139
Inpatient,Bellevue,Y,Q2 2019,-988708
Inpatient,Bellevue,Y,Q2 2020,0
Inpatient,Bellevue,Y,Q3 2018,-144147
Inpatient,Bellevue,Y,Q3 2019,-290075
Inpatient,Bellevue,Y,Q4 2018,-600894
Inpatient,Bellevue,Y,Q4 2019,-31321
Inpatient,Bellevue,Z,Q1 2019,-13038140
Inpatient,Bellevue,Z,Q1 2020,-75653
Inpatient,Bellevue,Z,Q2 2019,-6448670
Inpatient,Bellevue,Z,Q2 2020,20499
Inpatient,Bellevue,Z,Q3 2018,-4846795
Inpatient,Bellevue,Z,Q3 2019,-1026046
Inpatient,Bellevue,Z,Q4 2018,-7320983
Inpatient,Bellevue,Z,Q4 2019,-250503
Inpatient,Coler,D,Q1 2019,-1849784
Inpatient,Coler,D,Q1 2020,0
Inpatient,Coler,D,Q2 2019,-1796153
Inpatient,Coler,D,Q2 2020,0
Inpatient,Coler,D,Q3 2018,-1247292
Inpatient,Coler,D,Q3 2019,-556017
Inpatient,Coler,D,Q4 2018,-1917726
Inpatient,Coler,D,Q4 2019,-56866
Inpatient,Coler,K,Q1 2019,-10701
Inpatient,Coler,K,Q2 2019,-104400
Inpatient,Coler,K,Q3 2018,-456
Inpatient,Coler,K,Q3 2019,-53354
Inpatient,Coler,K,Q4 2018,-57
Inpatient,Coler,K,Q4 2019,0
Inpatient,Coler,M,Q1 2019,-2874342
Inpatient,Coler,M,Q1 2020,-37164
Inpatient,Coler,M,Q2 2019,-3349858
Inpatient,Coler,M,Q3 2018,-2063579
Inpatient,Coler,M,Q3 2019,-972163
Inpatient,Coler,M,Q4 2018,-3057531
Inpatient,Coler,M,Q4 2019,0
Inpatient,Coler,R,Q1 2019,-158256
Inpatient,Coler,R,Q1 2020,-146192
Inpatient,Coler,R,Q2 2019,-348055
Inpatient,Coler,R,Q2 2020,1
Inpatient,Coler,R,Q3 2018,-17052
Inpatient,Coler,R,Q3 2019,-311193
Inpatient,Coler,R,Q4 2018,-220120
Inpatient,Coler,R,Q4 2019,-107600
Inpatient,Coler,S,Q1 2019,-3805
Inpatient,Coler,S,Q2 2019,0
Inpatient,Coler,S,Q3 2018,0
Inpatient,Coler,S,Q3 2019,-1943
Inpatient,Coler,S,Q4 2018,0
Inpatient,Coler,W,Q1 2019,-89060
Inpatient,Coler,W,Q2 2019,-120450
Inpatient,Coler,W,Q3 2018,0
Inpatient,Coler,W,Q3 2019,-44165
Inpatient,Coler,W,Q4 2018,-22630
Inpatient,Coler,W,Q4 2019,-44530
Inpatient,Goldwater,A,Q1 2019,-44158
Inpatient,Goldwater,A,Q2 2019,-3522
Inpatient,Goldwater,A,Q4 2018,-12551
Inpatient,Goldwater,D,Q1 2019,-2381946
Inpatient,Goldwater,D,Q1 2020,-1213
Inpatient,Goldwater,D,Q2 2019,-2172852
Inpatient,Goldwater,D,Q3 2018,-1161028
Inpatient,Goldwater,D,Q3 2019,-682656
Inpatient,Goldwater,D,Q4 2018,-2440337
Inpatient,Goldwater,D,Q4 2019,-17663
Inpatient,Goldwater,K,Q1 2019,-55200
Inpatient,Goldwater,K,Q2 2019,-33375
Inpatient,Goldwater,K,Q3 2019,-88893
Inpatient,Goldwater,K,Q4 2018,0
Inpatient,Goldwater,M,Q1 2019,-3214427
Inpatient,Goldwater,M,Q2 2019,-3209830
Inpatient,Goldwater,M,Q3 2018,-2062489
Inpatient,Goldwater,M,Q3 2019,-1164748
Inpatient,Goldwater,M,Q4 2018,-3347898
Inpatient,Goldwater,M,Q4 2019,977
Inpatient,Goldwater,R,Q1 2019,-57764
Inpatient,Goldwater,R,Q1 2020,-18090
Inpatient,Goldwater,R,Q2 2019,-422245
Inpatient,Goldwater,R,Q2 2020,-16693
Inpatient,Goldwater,R,Q3 2018,0
Inpatient,Goldwater,R,Q3 2019,-111544
Inpatient,Goldwater,R,Q4 2018,-38172
Inpatient,Goldwater,R,Q4 2019,-37576
Inpatient,Goldwater,S,Q1 2019,0
Inpatient,Goldwater,S,Q2 2019,0
Inpatient,Goldwater,S,Q3 2018,0
Inpatient,Goldwater,S,Q3 2019,0
Inpatient,Goldwater,S,Q4 2018,0
Inpatient,Goldwater,S,Q4 2019,0
Inpatient,Goldwater,Z,Q1 2019,0
Inpatient,Goldwater,Z,Q2 2019,-55910
Inpatient,Goldwater,Z,Q2 2020,-38320
Inpatient,Goldwater,Z,Q4 2018,-19474
Inpatient,Gouverneur,D,Q1 2019,-42
Inpatient,Gouverneur,D,Q2 2019,0
Inpatient,Gouverneur,D,Q3 2018,-33924
Inpatient,Gouverneur,D,Q3 2019,-10213
Inpatient,Gouverneur,D,Q4 2018,-35926
Inpatient,Gouverneur,H,Q1 2019,0
Inpatient,Gouverneur,H,Q4 2018,-4500
Inpatient,Gouverneur,K,Q1 2019,-82818
Inpatient,Gouverneur,K,Q1 2020,-11251
Inpatient,Gouverneur,K,Q2 2019,-9300
Inpatient,Gouverneur,K,Q3 2018,-2153
Inpatient,Gouverneur,K,Q3 2019,-23250
Inpatient,Gouverneur,K,Q4 2018,-124218
Inpatient,Gouverneur,M,Q1 2019,-799063
Inpatient,Gouverneur,M,Q1 2020,-34728
Inpatient,Gouverneur,M,Q2 2019,-516099
Inpatient,Gouverneur,M,Q3 2018,-514708
Inpatient,Gouverneur,M,Q3 2019,63
Inpatient,Gouverneur,M,Q4 2018,-955018
Inpatient,Gouverneur,M,Q4 2019,80
Inpatient,Gouverneur,R,Q1 2019,-122119
Inpatient,Gouverneur,R,Q1 2020,-45449
Inpatient,Gouverneur,R,Q2 2019,-1045
Inpatient,Gouverneur,R,Q2 2020,-136396
Inpatient,Gouverneur,R,Q3 2018,-3134
Inpatient,Gouverneur,R,Q3 2019,-13950
Inpatient,Gouverneur,R,Q4 2018,-32473
Inpatient,Gouverneur,S,Q3 2018,0
Inpatient,Gouverneur,Z,Q1 2019,-68749
Inpatient,Gouverneur,Z,Q1 2020,0
Inpatient,Gouverneur,Z,Q2 2019,-649
Inpatient,Gouverneur,Z,Q3 2018,-513
Inpatient,Gouverneur,Z,Q4 2018,-2532
Inpatient,Gouverneur,Z,Q4 2019,-165182
Inpatient,Harlem,A,Q1 2019,-7652916
Inpatient,Harlem,A,Q1 2020,-204148
Inpatient,Harlem,A,Q2 2019,-1600334
Inpatient,Harlem,A,Q2 2020,-17658
Inpatient,Harlem,A,Q3 2018,-4839532
Inpatient,Harlem,A,Q3 2019,-138060
Inpatient,Harlem,A,Q4 2018,-6264350
Inpatient,Harlem,A,Q4 2019,-19676
Inpatient,Harlem,B,Q1 2019,0
Inpatient,Harlem,B,Q3 2018,-18958
Inpatient,Harlem,C,Q1 2019,-585695
Inpatient,Harlem,C,Q1 2020,12527
Inpatient,Harlem,C,Q2 2019,-382179
Inpatient,Harlem,C,Q2 2020,-31717
Inpatient,Harlem,C,Q3 2018,-569111
Inpatient,Harlem,C,Q3 2019,4395
Inpatient,Harlem,C,Q4 2018,-1164602
Inpatient,Harlem,C,Q4 2019,22676
Inpatient,Harlem,F,Q4 2018,0
Inpatient,Harlem,H,Q1 2019,-1253176
Inpatient,Harlem,H,Q1 2020,31669
Inpatient,Harlem,H,Q2 2019,-498222
Inpatient,Harlem,H,Q2 2020,-52740
Inpatient,Harlem,H,Q3 2018,-666067
Inpatient,Harlem,H,Q3 2019,-246672
Inpatient,Harlem,H,Q4 2018,-1067375
Inpatient,Harlem,H,Q4 2019,-27235
Inpatient,Harlem,I,Q1 2019,-829659
Inpatient,Harlem,I,Q1 2020,0
Inpatient,Harlem,I,Q2 2019,-297853
Inpatient,Harlem,I,Q3 2018,-895330
Inpatient,Harlem,I,Q3 2019,-8305
Inpatient,Harlem,I,Q4 2018,-857409
Inpatient,Harlem,K,Q1 2019,-3744365
Inpatient,Harlem,K,Q1 2020,0
Inpatient,Harlem,K,Q2 2019,-821627
Inpatient,Harlem,K,Q2 2020,0
Inpatient,Harlem,K,Q3 2018,-2865916
Inpatient,Harlem,K,Q3 2019,-34415
Inpatient,Harlem,K,Q4 2018,-4359141
Inpatient,Harlem,K,Q4 2019,0
Inpatient,Harlem,M,Q1 2019,-6752839
Inpatient,Harlem,M,Q1 2020,214039
Inpatient,Harlem,M,Q2 2019,-1899976
Inpatient,Harlem,M,Q2 2020,0
Inpatient,Harlem,M,Q3 2018,-3829247
Inpatient,Harlem,M,Q3 2019,-113773
Inpatient,Harlem,M,Q4 2018,-4762733
Inpatient,Harlem,M,Q4 2019,105208
Inpatient,Harlem,P,Q1 2019,0
Inpatient,Harlem,P,Q3 2018,0
Inpatient,Harlem,P,Q4 2018,0
Inpatient,Harlem,R,Q1 2019,-11661769
Inpatient,Harlem,R,Q1 2020,-29271
Inpatient,Harlem,R,Q2 2019,-3503764
Inpatient,Harlem,R,Q2 2020,-79983
Inpatient,Harlem,R,Q3 2018,-6137217
Inpatient,Harlem,R,Q3 2019,-316408
Inpatient,Harlem,R,Q4 2018,-7913650
Inpatient,Harlem,R,Q4 2019,-281693
Inpatient,Harlem,S,Q1 2019,-22113
Inpatient,Harlem,S,Q2 2019,0
Inpatient,Harlem,S,Q3 2018,-950
Inpatient,Harlem,S,Q3 2019,0
Inpatient,Harlem,S,Q4 2018,-625
Inpatient,Harlem,T,Q1 2019,0
Inpatient,Harlem,T,Q2 2019,0
Inpatient,Harlem,T,Q3 2019,0
Inpatient,Harlem,T,Q4 2018,0
Inpatient,Harlem,V,Q1 2019,0
Inpatient,Harlem,V,Q1 2020,0
Inpatient,Harlem,V,Q3 2018,0
Inpatient,Harlem,V,Q3 2019,0
Inpatient,Harlem,V,Q4 2018,0
Inpatient,Harlem,V,Q4 2019,0
Inpatient,Harlem,W,Q1 2019,-7908
Inpatient,Harlem,W,Q2 2019,-1231
Inpatient,Harlem,W,Q3 2018,-212807
Inpatient,Harlem,W,Q3 2019,0
Inpatient,Harlem,W,Q4 2018,-85839
Inpatient,Harlem,Y,Q1 2019,-236449
Inpatient,Harlem,Y,Q2 2019,-142607
Inpatient,Harlem,Y,Q3 2018,-9075
Inpatient,Harlem,Y,Q3 2019,0
Inpatient,Harlem,Y,Q4 2018,-197491
Inpatient,Harlem,Z,Q1 2019,-8258113
Inpatient,Harlem,Z,Q1 2020,-190975
Inpatient,Harlem,Z,Q2 2019,-2526478
Inpatient,Harlem,Z,Q2 2020,-100370
Inpatient,Harlem,Z,Q3 2018,-2678036
Inpatient,Harlem,Z,Q3 2019,-516708
Inpatient,Harlem,Z,Q4 2018,-3485575
Inpatient,Harlem,Z,Q4 2019,-409391
Inpatient,Kings,A,Q1 2019,-9556185
Inpatient,Kings,A,Q1 2020,-50908
Inpatient,Kings,A,Q2 2019,-16769625
Inpatient,Kings,A,Q2 2020,-38892
Inpatient,Kings,A,Q3 2018,-6653934
Inpatient,Kings,A,Q3 2019,-5070536
Inpatient,Kings,A,Q4 2018,-9615141
Inpatient,Kings,A,Q4 2019,-637737
Inpatient,Kings,C,Q1 2019,-1091793
Inpatient,Kings,C,Q1 2020,322075
Inpatient,Kings,C,Q2 2019,-2597783
Inpatient,Kings,C,Q2 2020,-33853
Inpatient,Kings,C,Q3 2018,-996317
Inpatient,Kings,C,Q3 2019,-1233227
Inpatient,Kings,C,Q4 2018,-1738380
Inpatient,Kings,C,Q4 2019,-43314
Inpatient,Kings,F,Q2 2019,0
Inpatient,Kings,F,Q3 2018,0
Inpatient,Kings,F,Q4 2018,0
Inpatient,Kings,H,Q1 2019,-2365714
Inpatient,Kings,H,Q1 2020,-54670
Inpatient,Kings,H,Q2 2019,-3695390
Inpatient,Kings,H,Q2 2020,-92770
Inpatient,Kings,H,Q3 2018,-729572
Inpatient,Kings,H,Q3 2019,-4813258
Inpatient,Kings,H,Q4 2018,-1897960
Inpatient,Kings,H,Q4 2019,-1340879
Inpatient,Kings,I,Q1 2019,-1464088
Inpatient,Kings,I,Q1 2020,-1297
Inpatient,Kings,I,Q2 2019,-2559304
Inpatient,Kings,I,Q2 2020,0
Inpatient,Kings,I,Q3 2018,-1564310
Inpatient,Kings,I,Q3 2019,-1299721
Inpatient,Kings,I,Q4 2018,-3805311
Inpatient,Kings,I,Q4 2019,-12981
Inpatient,Kings,K,Q1 2019,-9495270
Inpatient,Kings,K,Q1 2020,-33955
Inpatient,Kings,K,Q2 2019,-12004273
Inpatient,Kings,K,Q2 2020,-27496
Inpatient,Kings,K,Q3 2018,-6461226
Inpatient,Kings,K,Q3 2019,-3645967
Inpatient,Kings,K,Q4 2018,-8566628
Inpatient,Kings,K,Q4 2019,-142111
Inpatient,Kings,M,Q1 2019,-12684720
Inpatient,Kings,M,Q1 2020,-355589
Inpatient,Kings,M,Q2 2019,-17823318
Inpatient,Kings,M,Q2 2020,-9725
Inpatient,Kings,M,Q3 2018,-9563281
Inpatient,Kings,M,Q3 2019,-5764393
Inpatient,Kings,M,Q4 2018,-12243581
Inpatient,Kings,M,Q4 2019,-272230
Inpatient,Kings,R,Q1 2019,-15520262
Inpatient,Kings,R,Q1 2020,-955240
Inpatient,Kings,R,Q2 2019,-16644320
Inpatient,Kings,R,Q2 2020,-491571
Inpatient,Kings,R,Q3 2018,-7091249
Inpatient,Kings,R,Q3 2019,-11063135
Inpatient,Kings,R,Q4 2018,-11509968
Inpatient,Kings,R,Q4 2019,-3308889
Inpatient,Kings,S,Q1 2019,-52625
Inpatient,Kings,S,Q1 2020,-14043
Inpatient,Kings,S,Q2 2019,-32265
Inpatient,Kings,S,Q2 2020,-2405
Inpatient,Kings,S,Q3 2018,-23102
Inpatient,Kings,S,Q3 2019,-25460
Inpatient,Kings,S,Q4 2018,-25384
Inpatient,Kings,S,Q4 2019,-7033
Inpatient,Kings,U,Q2 2019,0
Inpatient,Kings,U,Q3 2019,0
Inpatient,Kings,U,Q4 2018,0
Inpatient,Kings,V,Q1 2019,0
Inpatient,Kings,V,Q1 2020,-1123
Inpatient,Kings,V,Q2 2019,-31804
Inpatient,Kings,V,Q3 2018,-20916
Inpatient,Kings,V,Q3 2019,-12343
Inpatient,Kings,V,Q4 2018,0
Inpatient,Kings,V,Q4 2019,-25
Inpatient,Kings,W,Q1 2019,-142359
Inpatient,Kings,W,Q1 2020,-26582
Inpatient,Kings,W,Q2 2019,-312462
Inpatient,Kings,W,Q3 2018,-20614
Inpatient,Kings,W,Q3 2019,-88383
Inpatient,Kings,W,Q4 2018,-43297
Inpatient,Kings,W,Q4 2019,-62910
Inpatient,Kings,Y,Q1 2019,-639250
Inpatient,Kings,Y,Q1 2020,-45275
Inpatient,Kings,Y,Q2 2019,-1379594
Inpatient,Kings,Y,Q2 2020,-53526
Inpatient,Kings,Y,Q3 2018,-239041
Inpatient,Kings,Y,Q3 2019,-962244
Inpatient,Kings,Y,Q4 2018,-496731
Inpatient,Kings,Y,Q4 2019,-358858
Inpatient,Kings,Z,Q1 2019,-8924590
Inpatient,Kings,Z,Q1 2020,-1018609
Inpatient,Kings,Z,Q2 2019,-9372859
Inpatient,Kings,Z,Q2 2020,-355079
Inpatient,Kings,Z,Q3 2018,-2498296
Inpatient,Kings,Z,Q3 2019,-7351147
Inpatient,Kings,Z,Q4 2018,-4822755
Inpatient,Kings,Z,Q4 2019,-4088464
Inpatient,Lincoln,A,Q1 2019,-10565933
Inpatient,Lincoln,A,Q1 2020,-34773
Inpatient,Lincoln,A,Q2 2019,-11229656
Inpatient,Lincoln,A,Q2 2020,-57922
Inpatient,Lincoln,A,Q3 2018,-6740972
Inpatient,Lincoln,A,Q3 2019,-1959609
Inpatient,Lincoln,A,Q4 2018,-9092474
Inpatient,Lincoln,A,Q4 2019,-409450
Inpatient,Lincoln,B,Q1 2019,-4659
Inpatient,Lincoln,B,Q2 2019,-18596
Inpatient,Lincoln,B,Q3 2018,-27729
Inpatient,Lincoln,B,Q3 2019,0
Inpatient,Lincoln,B,Q4 2019,-3861
Inpatient,Lincoln,C,Q1 2019,-624555
Inpatient,Lincoln,C,Q1 2020,-17052
Inpatient,Lincoln,C,Q2 2019,-746688
Inpatient,Lincoln,C,Q2 2020,54261
Inpatient,Lincoln,C,Q3 2018,-457491
Inpatient,Lincoln,C,Q3 2019,-409833
Inpatient,Lincoln,C,Q4 2018,-648078
Inpatient,Lincoln,C,Q4 2019,-60775
Inpatient,Lincoln,F,Q1 2019,0
Inpatient,Lincoln,F,Q3 2018,0
Inpatient,Lincoln,F,Q3 2019,0
Inpatient,Lincoln,F,Q4 2018,0
Inpatient,Lincoln,F,Q4 2019,0
Inpatient,Lincoln,H,Q1 2019,-1341694
Inpatient,Lincoln,H,Q1 2020,-78622
Inpatient,Lincoln,H,Q2 2019,-1333013
Inpatient,Lincoln,H,Q2 2020,-132037
Inpatient,Lincoln,H,Q3 2018,-622746
Inpatient,Lincoln,H,Q3 2019,-756929
Inpatient,Lincoln,H,Q4 2018,-1355221
Inpatient,Lincoln,H,Q4 2019,-190228
Inpatient,Lincoln,I,Q1 2019,-855057
Inpatient,Lincoln,I,Q1 2020,0
Inpatient,Lincoln,I,Q2 2019,-834099
Inpatient,Lincoln,I,Q2 2020,24064
Inpatient,Lincoln,I,Q3 2018,-825720
Inpatient,Lincoln,I,Q3 2019,-293530
Inpatient,Lincoln,I,Q4 2018,-691128
Inpatient,Lincoln,I,Q4 2019,-310830
Inpatient,Lincoln,K,Q1 2019,-8271905
Inpatient,Lincoln,K,Q1 2020,-7044
Inpatient,Lincoln,K,Q2 2019,-8163210
Inpatient,Lincoln,K,Q3 2018,-5559565
Inpatient,Lincoln,K,Q3 2019,-1746474
Inpatient,Lincoln,K,Q4 2018,-8441637
Inpatient,Lincoln,K,Q4 2019,-47953
Inpatient,Lincoln,M,Q1 2019,-12335198
Inpatient,Lincoln,M,Q1 2020,-33268
Inpatient,Lincoln,M,Q2 2019,-11890276
Inpatient,Lincoln,M,Q2 2020,22754
Inpatient,Lincoln,M,Q3 2018,-9910665
Inpatient,Lincoln,M,Q3 2019,-3964080
Inpatient,Lincoln,M,Q4 2018,-11131595
Inpatient,Lincoln,M,Q4 2019,-151480
Inpatient,Lincoln,P,Q1 2019,0
Inpatient,Lincoln,P,Q3 2019,0
Inpatient,Lincoln,R,Q1 2019,-19027838
Inpatient,Lincoln,R,Q1 2020,-388990
Inpatient,Lincoln,R,Q2 2019,-17539295
Inpatient,Lincoln,R,Q2 2020,-595692
Inpatient,Lincoln,R,Q3 2018,-10571540
Inpatient,Lincoln,R,Q3 2019,-6105482
Inpatient,Lincoln,R,Q4 2018,-12500892
Inpatient,Lincoln,R,Q4 2019,-1033269
Inpatient,Lincoln,S,Q1 2019,-76610
Inpatient,Lincoln,S,Q1 2020,0
Inpatient,Lincoln,S,Q2 2019,-671
Inpatient,Lincoln,S,Q2 2020,0
Inpatient,Lincoln,S,Q3 2018,-8900
Inpatient,Lincoln,S,Q3 2019,-28214
Inpatient,Lincoln,S,Q4 2018,-23936
Inpatient,Lincoln,S,Q4 2019,-1467
Inpatient,Lincoln,U,Q2 2019,0
Inpatient,Lincoln,V,Q1 2019,0
Inpatient,Lincoln,V,Q1 2020,0
Inpatient,Lincoln,V,Q2 2019,0
Inpatient,Lincoln,V,Q3 2019,-7350
Inpatient,Lincoln,V,Q4 2018,-3583
Inpatient,Lincoln,V,Q4 2019,-8794
Inpatient,Lincoln,W,Q1 2019,-83948
Inpatient,Lincoln,W,Q1 2020,-48047
Inpatient,Lincoln,W,Q2 2019,-115358
Inpatient,Lincoln,W,Q2 2020,0
Inpatient,Lincoln,W,Q3 2018,-18241
Inpatient,Lincoln,W,Q3 2019,-222727
Inpatient,Lincoln,W,Q4 2018,-178000
Inpatient,Lincoln,W,Q4 2019,-83540
Inpatient,Lincoln,Y,Q1 2019,-809609
Inpatient,Lincoln,Y,Q1 2020,-96926
Inpatient,Lincoln,Y,Q2 2019,-703852
Inpatient,Lincoln,Y,Q2 2020,0
Inpatient,Lincoln,Y,Q3 2018,-159312
Inpatient,Lincoln,Y,Q3 2019,-587857
Inpatient,Lincoln,Y,Q4 2018,-678338
Inpatient,Lincoln,Y,Q4 2019,-143660
Inpatient,Lincoln,Z,Q1 2019,-14550054
Inpatient,Lincoln,Z,Q1 2020,-110949
Inpatient,Lincoln,Z,Q2 2019,-12438453
Inpatient,Lincoln,Z,Q2 2020,-239422
Inpatient,Lincoln,Z,Q3 2018,-5704533
Inpatient,Lincoln,Z,Q3 2019,-5390312
Inpatient,Lincoln,Z,Q4 2018,-8903293
Inpatient,Lincoln,Z,Q4 2019,-1323740
Inpatient,Metropolitan,A,Q1 2019,-4271163
Inpatient,Metropolitan,A,Q1 2020,-42779
Inpatient,Metropolitan,A,Q2 2019,-3596643
Inpatient,Metropolitan,A,Q2 2020,23589
Inpatient,Metropolitan,A,Q3 2018,-2347606
Inpatient,Metropolitan,A,Q3 2019,-1134889
Inpatient,Metropolitan,A,Q4 2018,-3045938
Inpatient,Metropolitan,A,Q4 2019,-168316
Inpatient,Metropolitan,B,Q2 2019,-21899
Inpatient,Metropolitan,C,Q1 2019,-398652
Inpatient,Metropolitan,C,Q1 2020,10958
Inpatient,Metropolitan,C,Q2 2019,-501794
Inpatient,Metropolitan,C,Q2 2020,-16481
Inpatient,Metropolitan,C,Q3 2018,-237483
Inpatient,Metropolitan,C,Q3 2019,-192264
Inpatient,Metropolitan,C,Q4 2018,-475674
Inpatient,Metropolitan,C,Q4 2019,5926
Inpatient,Metropolitan,H,Q1 2019,-1079744
Inpatient,Metropolitan,H,Q1 2020,-19420
Inpatient,Metropolitan,H,Q2 2019,-743431
Inpatient,Metropolitan,H,Q2 2020,9434
Inpatient,Metropolitan,H,Q3 2018,-361798
Inpatient,Metropolitan,H,Q3 2019,-383473
Inpatient,Metropolitan,H,Q4 2018,-649077
Inpatient,Metropolitan,H,Q4 2019,-59873
Inpatient,Metropolitan,I,Q1 2019,-1827357
Inpatient,Metropolitan,I,Q1 2020,0
Inpatient,Metropolitan,I,Q2 2019,-1759916
Inpatient,Metropolitan,I,Q3 2018,-1373838
Inpatient,Metropolitan,I,Q3 2019,-201100
Inpatient,Metropolitan,I,Q4 2018,-2054448
Inpatient,Metropolitan,I,Q4 2019,-9849
Inpatient,Metropolitan,K,Q1 2019,-4176896
Inpatient,Metropolitan,K,Q1 2020,-156
Inpatient,Metropolitan,K,Q2 2019,-3011543
Inpatient,Metropolitan,K,Q3 2018,-2220620
Inpatient,Metropolitan,K,Q3 2019,-737242
Inpatient,Metropolitan,K,Q4 2018,-3500506
Inpatient,Metropolitan,K,Q4 2019,-3188
Inpatient,Metropolitan,M,Q1 2019,-3301115
Inpatient,Metropolitan,M,Q1 2020,13595
Inpatient,Metropolitan,M,Q2 2019,-2864779
Inpatient,Metropolitan,M,Q2 2020,0
Inpatient,Metropolitan,M,Q3 2018,-2541213
Inpatient,Metropolitan,M,Q3 2019,-962473
Inpatient,Metropolitan,M,Q4 2018,-3002384
Inpatient,Metropolitan,M,Q4 2019,-6930
Inpatient,Metropolitan,R,Q1 2019,-10118049
Inpatient,Metropolitan,R,Q1 2020,72003
Inpatient,Metropolitan,R,Q2 2019,-7872550
Inpatient,Metropolitan,R,Q2 2020,-85955
Inpatient,Metropolitan,R,Q3 2018,-4990274
Inpatient,Metropolitan,R,Q3 2019,-2419663
Inpatient,Metropolitan,R,Q4 2018,-6768297
Inpatient,Metropolitan,R,Q4 2019,-260561
Inpatient,Metropolitan,S,Q1 2019,-6559
Inpatient,Metropolitan,S,Q1 2020,-300
Inpatient,Metropolitan,S,Q2 2019,-13656
Inpatient,Metropolitan,S,Q2 2020,-100
Inpatient,Metropolitan,S,Q3 2018,-11670
Inpatient,Metropolitan,S,Q3 2019,-7937
Inpatient,Metropolitan,S,Q4 2018,-18277
Inpatient,Metropolitan,S,Q4 2019,-50
Inpatient,Metropolitan,V,Q1 2019,0
Inpatient,Metropolitan,V,Q2 2019,0
Inpatient,Metropolitan,V,Q4 2018,-1560
Inpatient,Metropolitan,W,Q1 2019,0
Inpatient,Metropolitan,W,Q1 2020,-24464
Inpatient,Metropolitan,W,Q2 2019,-14078
Inpatient,Metropolitan,W,Q3 2018,0
Inpatient,Metropolitan,W,Q3 2019,-7921
Inpatient,Metropolitan,W,Q4 2018,0
Inpatient,Metropolitan,Y,Q1 2019,0
Inpatient,Metropolitan,Y,Q1 2020,-3613
Inpatient,Metropolitan,Y,Q2 2019,-4777
Inpatient,Metropolitan,Y,Q3 2019,-7137
Inpatient,Metropolitan,Y,Q4 2018,-9796
Inpatient,Metropolitan,Y,Q4 2019,0
Inpatient,Metropolitan,Z,Q1 2019,-5134329
Inpatient,Metropolitan,Z,Q1 2020,65726
Inpatient,Metropolitan,Z,Q2 2019,-3911046
Inpatient,Metropolitan,Z,Q2 2020,56459
Inpatient,Metropolitan,Z,Q3 2018,-1665228
Inpatient,Metropolitan,Z,Q3 2019,-1551026
Inpatient,Metropolitan,Z,Q4 2018,-3383455
Inpatient,Metropolitan,Z,Q4 2019,-159254
Inpatient,Seaview,D,Q1 2019,-11656
Inpatient,Seaview,D,Q1 2020,0
Inpatient,Seaview,D,Q2 2019,-38427
Inpatient,Seaview,D,Q3 2019,-13180
Inpatient,Seaview,H,Q1 2019,-15036
Inpatient,Seaview,H,Q2 2019,0
Inpatient,Seaview,H,Q3 2018,0
Inpatient,Seaview,H,Q3 2019,-272
Inpatient,Seaview,H,Q4 2018,-33577
Inpatient,Seaview,H,Q4 2019,0
Inpatient,Seaview,M,Q1 2019,-2446672
Inpatient,Seaview,M,Q1 2020,0
Inpatient,Seaview,M,Q2 2019,-1973002
Inpatient,Seaview,M,Q3 2018,-617200
Inpatient,Seaview,M,Q3 2019,-577954
Inpatient,Seaview,M,Q4 2018,-1631490
Inpatient,Seaview,M,Q4 2019,-50
Inpatient,Seaview,R,Q1 2019,-29125
Inpatient,Seaview,R,Q1 2020,9814
Inpatient,Seaview,R,Q2 2019,-75964
Inpatient,Seaview,R,Q2 2020,-57926
Inpatient,Seaview,R,Q3 2019,-48500
Inpatient,Seaview,S,Q1 2019,-37008
Inpatient,Seaview,S,Q2 2019,-63751
Inpatient,Seaview,S,Q3 2018,-320
Inpatient,Seaview,S,Q3 2019,-9856
Inpatient,Seaview,S,Q4 2018,-22265
Inpatient,Susan S. Mc Kinney,A,Q1 2020,0
Inpatient,Susan S. Mc Kinney,A,Q2 2019,0
Inpatient,Susan S. Mc Kinney,A,Q4 2019,0
Inpatient,Susan S. Mc Kinney,K,Q1 2019,-409251
Inpatient,Susan S. Mc Kinney,K,Q1 2020,-60266
Inpatient,Susan S. Mc Kinney,K,Q2 2019,-188996
Inpatient,Susan S. Mc Kinney,K,Q3 2018,-67278
Inpatient,Susan S. Mc Kinney,K,Q3 2019,-333256
Inpatient,Susan S. Mc Kinney,K,Q4 2018,-146008
Inpatient,Susan S. Mc Kinney,K,Q4 2019,-25026
Inpatient,Susan S. Mc Kinney,M,Q1 2019,-1524630
Inpatient,Susan S. Mc Kinney,M,Q1 2020,0
Inpatient,Susan S. Mc Kinney,M,Q2 2019,-1476561
Inpatient,Susan S. Mc Kinney,M,Q2 2020,0
Inpatient,Susan S. Mc Kinney,M,Q3 2018,-742698
Inpatient,Susan S. Mc Kinney,M,Q3 2019,-563742
Inpatient,Susan S. Mc Kinney,M,Q4 2018,-1696588
Inpatient,Susan S. Mc Kinney,M,Q4 2019,-589
Inpatient,Susan S. Mc Kinney,R,Q1 2019,-323310
Inpatient,Susan S. Mc Kinney,R,Q1 2020,0
Inpatient,Susan S. Mc Kinney,R,Q2 2019,-191159
Inpatient,Susan S. Mc Kinney,R,Q3 2018,-50428
Inpatient,Susan S. Mc Kinney,R,Q3 2019,-215642
Inpatient,Susan S. Mc Kinney,R,Q4 2018,-72236
Inpatient,Susan S. Mc Kinney,R,Q4 2019,-18107
Inpatient,Susan S. Mc Kinney,S,Q1 2019,0
Inpatient,Susan S. Mc Kinney,S,Q2 2019,0
Inpatient,Susan S. Mc Kinney,S,Q4 2018,-16485
Inpatient,Susan S. Mc Kinney,Z,Q1 2020,0
Inpatient,Susan S. Mc Kinney,Z,Q4 2019,-59015
Inpatient,Woodhull,A,Q1 2019,-92209
Inpatient,Woodhull,A,Q1 2020,-3798
Inpatient,Woodhull,A,Q2 2019,-150
Inpatient,Woodhull,A,Q2 2020,0
Inpatient,Woodhull,A,Q3 2018,-3364166
Inpatient,Woodhull,A,Q3 2019,-22218
Inpatient,Woodhull,A,Q4 2018,-1643978
Inpatient,Woodhull,A,Q4 2019,-50
Inpatient,Woodhull,C,Q1 2019,60666
Inpatient,Woodhull,C,Q1 2020,0
Inpatient,Woodhull,C,Q2 2019,-46646
Inpatient,Woodhull,C,Q2 2020,-3648
Inpatient,Woodhull,C,Q3 2018,-256033
Inpatient,Woodhull,C,Q3 2019,421
Inpatient,Woodhull,C,Q4 2018,-408481
Inpatient,Woodhull,C,Q4 2019,26753
Inpatient,Woodhull,H,Q1 2019,-116221
Inpatient,Woodhull,H,Q1 2020,-8596
Inpatient,Woodhull,H,Q2 2019,-5984
Inpatient,Woodhull,H,Q2 2020,0
Inpatient,Woodhull,H,Q3 2018,-516574
Inpatient,Woodhull,H,Q3 2019,-22804
Inpatient,Woodhull,H,Q4 2018,-635948
Inpatient,Woodhull,H,Q4 2019,3184
Inpatient,Woodhull,I,Q1 2019,-929
Inpatient,Woodhull,I,Q1 2020,-4714
Inpatient,Woodhull,I,Q2 2019,518941
Inpatient,Woodhull,I,Q2 2020,0
Inpatient,Woodhull,I,Q3 2018,-967348
Inpatient,Woodhull,I,Q3 2019,-1441
Inpatient,Woodhull,I,Q4 2018,-1209168
Inpatient,Woodhull,I,Q4 2019,0
Inpatient,Woodhull,K,Q1 2019,-130601
Inpatient,Woodhull,K,Q1 2020,0
Inpatient,Woodhull,K,Q2 2019,-15545
Inpatient,Woodhull,K,Q3 2018,-2118753
Inpatient,Woodhull,K,Q3 2019,0
Inpatient,Woodhull,K,Q4 2018,-2082461
Inpatient,Woodhull,K,Q4 2019,0
Inpatient,Woodhull,M,Q1 2019,-162781
Inpatient,Woodhull,M,Q1 2020,0
Inpatient,Woodhull,M,Q2 2019,0
Inpatient,Woodhull,M,Q2 2020,0
Inpatient,Woodhull,M,Q3 2018,-3784303
Inpatient,Woodhull,M,Q3 2019,0
Inpatient,Woodhull,M,Q4 2018,-2587332
Inpatient,Woodhull,M,Q4 2019,0
Inpatient,Woodhull,R,Q1 2019,-1342015
Inpatient,Woodhull,R,Q1 2020,-6075
Inpatient,Woodhull,R,Q2 2019,-22836
Inpatient,Woodhull,R,Q2 2020,0
Inpatient,Woodhull,R,Q3 2018,-5504051
Inpatient,Woodhull,R,Q3 2019,-256842
Inpatient,Woodhull,R,Q4 2018,-4868717
Inpatient,Woodhull,R,Q4 2019,-8658
Inpatient,Woodhull,S,Q1 2019,-25
Inpatient,Woodhull,S,Q2 2019,0
Inpatient,Woodhull,S,Q3 2018,-450
Inpatient,Woodhull,S,Q4 2018,-500
Inpatient,Woodhull,V,Q3 2018,0
Inpatient,Woodhull,W,Q3 2018,0
Inpatient,Woodhull,Z,Q1 2019,-643223
Inpatient,Woodhull,Z,Q1 2020,18507
Inpatient,Woodhull,Z,Q2 2019,-44620
Inpatient,Woodhull,Z,Q2 2020,0
Inpatient,Woodhull,Z,Q3 2018,-2472292
Inpatient,Woodhull,Z,Q3 2019,-133290
Inpatient,Woodhull,Z,Q4 2018,-2322868
Inpatient,Woodhull,Z,Q4 2019,0
Outpatient,Bellevue,A,Q1 2019,-1110673
Outpatient,Bellevue,A,Q1 2020,-11375
Outpatient,Bellevue,A,Q2 2019,-442694
Outpatient,Bellevue,A,Q2 2020,-13682
Outpatient,Bellevue,A,Q3 2018,-585641
Outpatient,Bellevue,A,Q3 2019,-67816
Outpatient,Bellevue,A,Q4 2018,-1109090
Outpatient,Bellevue,A,Q4 2019,-40201
Outpatient,Bellevue,B,Q1 2019,-1765
Outpatient,Bellevue,B,Q1 2020,0
Outpatient,Bellevue,B,Q2 2019,-1560
Outpatient,Bellevue,B,Q3 2018,0
Outpatient,Bellevue,B,Q3 2019,-114
Outpatient,Bellevue,B,Q4 2018,-2066
Outpatient,Bellevue,B,Q4 2019,0
Outpatient,Bellevue,C,Q1 2019,-209909
Outpatient,Bellevue,C,Q1 2020,-3901
Outpatient,Bellevue,C,Q2 2019,-92328
Outpatient,Bellevue,C,Q2 2020,-9728
Outpatient,Bellevue,C,Q3 2018,-95392
Outpatient,Bellevue,C,Q3 2019,-29353
Outpatient,Bellevue,C,Q4 2018,-207289
Outpatient,Bellevue,C,Q4 2019,1147
Outpatient,Bellevue,E,Q1 2019,-13383
Outpatient,Bellevue,E,Q1 2020,773
Outpatient,Bellevue,E,Q2 2019,-10637
Outpatient,Bellevue,E,Q2 2020,0
Outpatient,Bellevue,E,Q3 2018,-6369
Outpatient,Bellevue,E,Q3 2019,-4652
Outpatient,Bellevue,E,Q4 2018,-15417
Outpatient,Bellevue,E,Q4 2019,647
Outpatient,Bellevue,F,Q1 2019,-506
Outpatient,Bellevue,F,Q2 2019,0
Outpatient,Bellevue,F,Q3 2018,0
Outpatient,Bellevue,F,Q4 2018,0
Outpatient,Bellevue,G,Q1 2019,-1429
Outpatient,Bellevue,H,Q1 2019,-1640092
Outpatient,Bellevue,H,Q1 2020,-52327
Outpatient,Bellevue,H,Q2 2019,-1211429
Outpatient,Bellevue,H,Q2 2020,-110598
Outpatient,Bellevue,H,Q3 2018,-647416
Outpatient,Bellevue,H,Q3 2019,-238117
Outpatient,Bellevue,H,Q4 2018,-1428259
Outpatient,Bellevue,H,Q4 2019,-111697
Outpatient,Bellevue,I,Q1 2019,-23560
Outpatient,Bellevue,I,Q1 2020,0
Outpatient,Bellevue,I,Q2 2019,-6833
Outpatient,Bellevue,I,Q3 2018,-8994
Outpatient,Bellevue,I,Q3 2019,0
Outpatient,Bellevue,I,Q4 2018,-17978
Outpatient,Bellevue,I,Q4 2019,0
Outpatient,Bellevue,J,Q1 2019,-622
Outpatient,Bellevue,K,Q1 2019,-3954714
Outpatient,Bellevue,K,Q1 2020,-35485
Outpatient,Bellevue,K,Q2 2019,-1411863
Outpatient,Bellevue,K,Q2 2020,-3213
Outpatient,Bellevue,K,Q3 2018,-2241661
Outpatient,Bellevue,K,Q3 2019,-42196
Outpatient,Bellevue,K,Q4 2018,-5181910
Outpatient,Bellevue,K,Q4 2019,-82241
Outpatient,Bellevue,M,Q1 2019,-2079900
Outpatient,Bellevue,M,Q1 2020,-11008
Outpatient,Bellevue,M,Q2 2019,-725779
Outpatient,Bellevue,M,Q2 2020,-4644
Outpatient,Bellevue,M,Q3 2018,-838553
Outpatient,Bellevue,M,Q3 2019,-38158
Outpatient,Bellevue,M,Q4 2018,-1428644
Outpatient,Bellevue,M,Q4 2019,-7273
Outpatient,Bellevue,P,Q1 2019,-25817
Outpatient,Bellevue,P,Q1 2020,-1242
Outpatient,Bellevue,P,Q2 2019,-10378
Outpatient,Bellevue,P,Q2 2020,0
Outpatient,Bellevue,P,Q3 2018,-16158
Outpatient,Bellevue,P,Q3 2019,-814
Outpatient,Bellevue,P,Q4 2018,-20550
Outpatient,Bellevue,P,Q4 2019,55
Outpatient,Bellevue,R,Q1 2019,-3730387
Outpatient,Bellevue,R,Q1 2020,-31983
Outpatient,Bellevue,R,Q2 2019,-2173534
Outpatient,Bellevue,R,Q2 2020,-11162
Outpatient,Bellevue,R,Q3 2018,-1753431
Outpatient,Bellevue,R,Q3 2019,-170217
Outpatient,Bellevue,R,Q4 2018,-2371139
Outpatient,Bellevue,R,Q4 2019,-43976
Outpatient,Bellevue,S,Q1 2019,-1264484
Outpatient,Bellevue,S,Q1 2020,-33260
Outpatient,Bellevue,S,Q2 2019,-731671
Outpatient,Bellevue,S,Q2 2020,-6876
Outpatient,Bellevue,S,Q3 2018,-435285
Outpatient,Bellevue,S,Q3 2019,-229909
Outpatient,Bellevue,S,Q4 2018,-1058123
Outpatient,Bellevue,S,Q4 2019,-25039
Outpatient,Bellevue,T,Q1 2019,-232
Outpatient,Bellevue,T,Q1 2020,0
Outpatient,Bellevue,T,Q2 2019,-150
Outpatient,Bellevue,T,Q2 2020,0
Outpatient,Bellevue,T,Q3 2018,0
Outpatient,Bellevue,T,Q4 2018,-626
Outpatient,Bellevue,U,Q1 2019,-14052
Outpatient,Bellevue,U,Q1 2020,0
Outpatient,Bellevue,U,Q2 2019,-9840
Outpatient,Bellevue,U,Q2 2020,0
Outpatient,Bellevue,U,Q3 2018,-228
Outpatient,Bellevue,U,Q3 2019,-1745
Outpatient,Bellevue,U,Q4 2018,-14964
Outpatient,Bellevue,U,Q4 2019,0
Outpatient,Bellevue,V,Q1 2019,-1406
Outpatient,Bellevue,V,Q2 2020,0
Outpatient,Bellevue,W,Q1 2019,-39193
Outpatient,Bellevue,W,Q1 2020,-8389
Outpatient,Bellevue,W,Q2 2019,-44010
Outpatient,Bellevue,W,Q2 2020,-1232
Outpatient,Bellevue,W,Q3 2018,-6614
Outpatient,Bellevue,W,Q3 2019,-21250
Outpatient,Bellevue,W,Q4 2018,-46413
Outpatient,Bellevue,W,Q4 2019,-823
Outpatient,Bellevue,Y,Q1 2019,-7282
Outpatient,Bellevue,Y,Q1 2020,0
Outpatient,Bellevue,Y,Q2 2019,-16169
Outpatient,Bellevue,Y,Q2 2020,-205
Outpatient,Bellevue,Y,Q3 2018,-6399
Outpatient,Bellevue,Y,Q3 2019,-7838
Outpatient,Bellevue,Y,Q4 2018,-8186
Outpatient,Bellevue,Y,Q4 2019,-486
Outpatient,Bellevue,Z,Q1 2019,-2454393
Outpatient,Bellevue,Z,Q1 2020,-20294
Outpatient,Bellevue,Z,Q2 2019,-880132
Outpatient,Bellevue,Z,Q2 2020,-39973
Outpatient,Bellevue,Z,Q3 2018,-1068532
Outpatient,Bellevue,Z,Q3 2019,-61754
Outpatient,Bellevue,Z,Q4 2018,-1410151
Outpatient,Bellevue,Z,Q4 2019,-23981
Outpatient,Belvis,A,Q1 2019,-16402
Outpatient,Belvis,A,Q1 2020,182
Outpatient,Belvis,A,Q2 2019,-16755
Outpatient,Belvis,A,Q2 2020,0
Outpatient,Belvis,A,Q3 2018,-13703
Outpatient,Belvis,A,Q3 2019,-5597
Outpatient,Belvis,A,Q4 2018,-19957
Outpatient,Belvis,A,Q4 2019,-40
Outpatient,Belvis,B,Q1 2019,-322
Outpatient,Belvis,B,Q2 2019,-3
Outpatient,Belvis,B,Q3 2019,0
Outpatient,Belvis,B,Q4 2018,-208
Outpatient,Belvis,C,Q1 2019,-1164
Outpatient,Belvis,C,Q1 2020,-255
Outpatient,Belvis,C,Q2 2019,-1626
Outpatient,Belvis,C,Q2 2020,0
Outpatient,Belvis,C,Q3 2018,-486
Outpatient,Belvis,C,Q3 2019,-289
Outpatient,Belvis,C,Q4 2018,-1067
Outpatient,Belvis,C,Q4 2019,-20
Outpatient,Belvis,E,Q1 2019,-289
Outpatient,Belvis,E,Q1 2020,0
Outpatient,Belvis,E,Q2 2019,-15
Outpatient,Belvis,E,Q3 2019,-32
Outpatient,Belvis,E,Q4 2018,-90
Outpatient,Belvis,H,Q1 2019,-119128
Outpatient,Belvis,H,Q1 2020,-186
Outpatient,Belvis,H,Q2 2019,-98133
Outpatient,Belvis,H,Q2 2020,-870
Outpatient,Belvis,H,Q3 2018,-37336
Outpatient,Belvis,H,Q3 2019,-36419
Outpatient,Belvis,H,Q4 2018,-84068
Outpatient,Belvis,H,Q4 2019,-5815
Outpatient,Belvis,K,Q1 2019,-730967
Outpatient,Belvis,K,Q1 2020,-4064
Outpatient,Belvis,K,Q2 2019,-697701
Outpatient,Belvis,K,Q2 2020,-2532
Outpatient,Belvis,K,Q3 2018,-318091
Outpatient,Belvis,K,Q3 2019,-230981
Outpatient,Belvis,K,Q4 2018,-732357
Outpatient,Belvis,K,Q4 2019,-11326
Outpatient,Belvis,M,Q1 2019,-32590
Outpatient,Belvis,M,Q1 2020,-145
Outpatient,Belvis,M,Q2 2019,-35374
Outpatient,Belvis,M,Q2 2020,0
Outpatient,Belvis,M,Q3 2018,-13129
Outpatient,Belvis,M,Q3 2019,-10702
Outpatient,Belvis,M,Q4 2018,-29174
Outpatient,Belvis,M,Q4 2019,0
Outpatient,Belvis,P,Q4 2018,0
Outpatient,Belvis,P,Q4 2019,0
Outpatient,Belvis,R,Q1 2019,-259557
Outpatient,Belvis,R,Q1 2020,-3125
Outpatient,Belvis,R,Q2 2019,-176790
Outpatient,Belvis,R,Q2 2020,-457
Outpatient,Belvis,R,Q3 2018,-86703
Outpatient,Belvis,R,Q3 2019,-73141
Outpatient,Belvis,R,Q4 2018,-144824
Outpatient,Belvis,R,Q4 2019,-2537
Outpatient,Belvis,S,Q1 2019,-20935
Outpatient,Belvis,S,Q1 2020,-436
Outpatient,Belvis,S,Q2 2019,-33201
Outpatient,Belvis,S,Q2 2020,-15
Outpatient,Belvis,S,Q3 2018,-12090
Outpatient,Belvis,S,Q3 2019,-16255
Outpatient,Belvis,S,Q4 2018,-30510
Outpatient,Belvis,S,Q4 2019,-396
Outpatient,Belvis,T,Q2 2019,0
Outpatient,Belvis,Y,Q1 2019,-441
Outpatient,Belvis,Y,Q4 2018,0
Outpatient,Belvis,Z,Q1 2019,-134688
Outpatient,Belvis,Z,Q1 2020,-236
Outpatient,Belvis,Z,Q2 2019,-106549
Outpatient,Belvis,Z,Q2 2020,0
Outpatient,Belvis,Z,Q3 2018,-75829
Outpatient,Belvis,Z,Q3 2019,-30813
Outpatient,Belvis,Z,Q4 2018,-72188
Outpatient,Belvis,Z,Q4 2019,-425
Outpatient,Coney,A,Q1 2019,0
Outpatient,Coney,A,Q1 2020,0
Outpatient,Coney,A,Q4 2018,0
Outpatient,Coney,A,Q4 2019,0
Outpatient,Coney,C,Q4 2018,0
Outpatient,Coney,C,Q4 2019,0
Outpatient,Coney,D,Q4 2018,0
Outpatient,Coney,F,Q4 2018,0
Outpatient,Coney,G,Q4 2018,0
Outpatient,Coney,H,Q1 2020,0
Outpatient,Coney,H,Q4 2018,-116
Outpatient,Coney,H,Q4 2019,0
Outpatient,Coney,K,Q1 2019,-945
Outpatient,Coney,K,Q4 2018,-3655
Outpatient,Coney,K,Q4 2019,0
Outpatient,Coney,M,Q4 2018,-67
Outpatient,Coney,M,Q4 2019,0
Outpatient,Coney,R,Q1 2019,0
Outpatient,Coney,R,Q1 2020,0
Outpatient,Coney,R,Q2 2019,0
Outpatient,Coney,R,Q2 2020,0
Outpatient,Coney,R,Q3 2019,0
Outpatient,Coney,R,Q4 2018,-97
Outpatient,Coney,R,Q4 2019,0
Outpatient,Coney,S,Q4 2018,0
Outpatient,Coney,S,Q4 2019,0
Outpatient,Coney,W,Q4 2018,0
Outpatient,Coney,Y,Q4 2018,0
Outpatient,Coney,Z,Q1 2019,0
Outpatient,Coney,Z,Q2 2019,0
Outpatient,Coney,Z,Q4 2018,0
Outpatient,Coney,Z,Q4 2019,0
Outpatient,Cumberland,A,Q1 2019,-978
Outpatient,Cumberland,A,Q1 2020,0
Outpatient,Cumberland,A,Q2 2019,-15
Outpatient,Cumberland,A,Q2 2020,0
Outpatient,Cumberland,A,Q3 2018,-39810
Outpatient,Cumberland,A,Q3 2019,-69
Outpatient,Cumberland,A,Q4 2018,-33544
Outpatient,Cumberland,A,Q4 2019,0
Outpatient,Cumberland,B,Q4 2018,0
Outpatient,Cumberland,C,Q1 2019,0
Outpatient,Cumberland,C,Q1 2020,0
Outpatient,Cumberland,C,Q2 2020,0
Outpatient,Cumberland,C,Q3 2018,-2403
Outpatient,Cumberland,C,Q3 2019,0
Outpatient,Cumberland,C,Q4 2018,-3096
Outpatient,Cumberland,C,Q4 2019,0
Outpatient,Cumberland,D,Q1 2019,-319
Outpatient,Cumberland,D,Q1 2020,0
Outpatient,Cumberland,D,Q2 2019,0
Outpatient,Cumberland,D,Q2 2020,0
Outpatient,Cumberland,D,Q3 2018,-420
Outpatient,Cumberland,D,Q3 2019,0
Outpatient,Cumberland,D,Q4 2018,-370
Outpatient,Cumberland,D,Q4 2019,0
Outpatient,Cumberland,E,Q1 2019,-225
Outpatient,Cumberland,E,Q1 2020,0
Outpatient,Cumberland,E,Q3 2018,-225
Outpatient,Cumberland,E,Q4 2018,-225
Outpatient,Cumberland,G,Q3 2018,0
Outpatient,Cumberland,H,Q1 2019,-4669
Outpatient,Cumberland,H,Q1 2020,-50
Outpatient,Cumberland,H,Q2 2019,-245
Outpatient,Cumberland,H,Q2 2020,0
Outpatient,Cumberland,H,Q3 2018,-42737
Outpatient,Cumberland,H,Q3 2019,-631
Outpatient,Cumberland,H,Q4 2018,-43356
Outpatient,Cumberland,H,Q4 2019,-703
Outpatient,Cumberland,K,Q1 2019,-60391
Outpatient,Cumberland,K,Q1 2020,-2570
Outpatient,Cumberland,K,Q2 2019,-675
Outpatient,Cumberland,K,Q2 2020,0
Outpatient,Cumberland,K,Q3 2018,-308129
Outpatient,Cumberland,K,Q3 2019,-437
Outpatient,Cumberland,K,Q4 2018,-393851
Outpatient,Cumberland,K,Q4 2019,-2649
Outpatient,Cumberland,M,Q1 2019,-716
Outpatient,Cumberland,M,Q1 2020,0
Outpatient,Cumberland,M,Q2 2019,-225
Outpatient,Cumberland,M,Q2 2020,0
Outpatient,Cumberland,M,Q3 2018,-19464
Outpatient,Cumberland,M,Q3 2019,-196
Outpatient,Cumberland,M,Q4 2018,-27235
Outpatient,Cumberland,M,Q4 2019,-207
Outpatient,Cumberland,N,Q3 2018,-180
Outpatient,Cumberland,N,Q3 2019,0
Outpatient,Cumberland,N,Q4 2018,-412
Outpatient,Cumberland,P,Q1 2019,0
Outpatient,Cumberland,P,Q1 2020,0
Outpatient,Cumberland,P,Q2 2019,0
Outpatient,Cumberland,P,Q2 2020,0
Outpatient,Cumberland,P,Q3 2018,-60
Outpatient,Cumberland,P,Q3 2019,0
Outpatient,Cumberland,P,Q4 2018,-160
Outpatient,Cumberland,P,Q4 2019,0
Outpatient,Cumberland,R,Q1 2019,-48530
Outpatient,Cumberland,R,Q1 2020,-735
Outpatient,Cumberland,R,Q2 2019,0
Outpatient,Cumberland,R,Q2 2020,-204
Outpatient,Cumberland,R,Q3 2018,-163751
Outpatient,Cumberland,R,Q3 2019,0
Outpatient,Cumberland,R,Q4 2018,-202678
Outpatient,Cumberland,R,Q4 2019,0
Outpatient,Cumberland,S,Q1 2019,-7042
Outpatient,Cumberland,S,Q1 2020,-20
Outpatient,Cumberland,S,Q2 2019,-253
Outpatient,Cumberland,S,Q2 2020,0
Outpatient,Cumberland,S,Q3 2018,-33413
Outpatient,Cumberland,S,Q3 2019,-2410
Outpatient,Cumberland,S,Q4 2018,-34465
Outpatient,Cumberland,S,Q4 2019,0
Outpatient,Cumberland,V,Q1 2019,0
Outpatient,Cumberland,V,Q4 2018,-1326
Outpatient,Cumberland,W,Q3 2018,-97
Outpatient,Cumberland,W,Q4 2018,-24
Outpatient,Cumberland,Y,Q2 2020,0
Outpatient,Cumberland,Y,Q3 2018,-315
Outpatient,Cumberland,Y,Q3 2019,0
Outpatient,Cumberland,Y,Q4 2018,-13
Outpatient,Cumberland,Z,Q1 2019,-13861
Outpatient,Cumberland,Z,Q1 2020,0
Outpatient,Cumberland,Z,Q2 2019,-67
Outpatient,Cumberland,Z,Q2 2020,0
Outpatient,Cumberland,Z,Q3 2018,-104511
Outpatient,Cumberland,Z,Q3 2019,0
Outpatient,Cumberland,Z,Q4 2018,-72604
Outpatient,Cumberland,Z,Q4 2019,-54
Outpatient,East NY,A,Q1 2019,-88735
Outpatient,East NY,A,Q1 2020,0
Outpatient,East NY,A,Q2 2019,-95170
Outpatient,East NY,A,Q2 2020,0
Outpatient,East NY,A,Q3 2018,-71087
Outpatient,East NY,A,Q3 2019,-27292
Outpatient,East NY,A,Q4 2018,-99369
Outpatient,East NY,A,Q4 2019,-186
Outpatient,East NY,B,Q2 2019,0
Outpatient,East NY,B,Q3 2019,0
Outpatient,East NY,B,Q4 2018,0
Outpatient,East NY,C,Q1 2019,-7151
Outpatient,East NY,C,Q1 2020,0
Outpatient,East NY,C,Q2 2019,-6252
Outpatient,East NY,C,Q2 2020,0
Outpatient,East NY,C,Q3 2018,-1043
Outpatient,East NY,C,Q3 2019,-1156
Outpatient,East NY,C,Q4 2018,-2009
Outpatient,East NY,C,Q4 2019,-1294
Outpatient,East NY,D,Q1 2020,0
Outpatient,East NY,D,Q2 2019,0
Outpatient,East NY,D,Q3 2019,0
Outpatient,East NY,D,Q4 2018,-199
Outpatient,East NY,D,Q4 2019,0
Outpatient,East NY,E,Q2 2019,0
Outpatient,East NY,E,Q2 2020,0
Outpatient,East NY,F,Q1 2019,0
Outpatient,East NY,F,Q4 2018,-214
Outpatient,East NY,G,Q1 2019,-541
Outpatient,East NY,G,Q2 2019,-103
Outpatient,East NY,G,Q2 2020,0
Outpatient,East NY,G,Q3 2018,-268
Outpatient,East NY,G,Q3 2019,0
Outpatient,East NY,G,Q4 2018,-90
Outpatient,East NY,H,Q1 2019,-239591
Outpatient,East NY,H,Q1 2020,-945
Outpatient,East NY,H,Q2 2019,-201329
Outpatient,East NY,H,Q2 2020,0
Outpatient,East NY,H,Q3 2018,-131547
Outpatient,East NY,H,Q3 2019,-94703
Outpatient,East NY,H,Q4 2018,-207047
Outpatient,East NY,H,Q4 2019,-6863
Outpatient,East NY,I,Q1 2020,0
Outpatient,East NY,I,Q2 2020,0
Outpatient,East NY,I,Q3 2019,0
Outpatient,East NY,I,Q4 2019,0
Outpatient,East NY,K,Q1 2019,-714346
Outpatient,East NY,K,Q1 2020,-870
Outpatient,East NY,K,Q2 2019,-658098
Outpatient,East NY,K,Q2 2020,-221
Outpatient,East NY,K,Q3 2018,-483624
Outpatient,East NY,K,Q3 2019,-288897
Outpatient,East NY,K,Q4 2018,-685130
Outpatient,East NY,K,Q4 2019,-19070
Outpatient,East NY,M,Q1 2019,-77923
Outpatient,East NY,M,Q1 2020,36
Outpatient,East NY,M,Q2 2019,-112342
Outpatient,East NY,M,Q2 2020,-126
Outpatient,East NY,M,Q3 2018,-42368
Outpatient,East NY,M,Q3 2019,-22469
Outpatient,East NY,M,Q4 2018,-72352
Outpatient,East NY,M,Q4 2019,-2489
Outpatient,East NY,R,Q1 2019,-608863
Outpatient,East NY,R,Q1 2020,-147
Outpatient,East NY,R,Q2 2019,-421301
Outpatient,East NY,R,Q2 2020,-221
Outpatient,East NY,R,Q3 2018,-245606
Outpatient,East NY,R,Q3 2019,-184174
Outpatient,East NY,R,Q4 2018,-320481
Outpatient,East NY,R,Q4 2019,-8341
Outpatient,East NY,S,Q1 2019,-37429
Outpatient,East NY,S,Q1 2020,-54
Outpatient,East NY,S,Q2 2019,-36548
Outpatient,East NY,S,Q2 2020,-50
Outpatient,East NY,S,Q3 2018,-18584
Outpatient,East NY,S,Q3 2019,-50475
Outpatient,East NY,S,Q4 2018,-31386
Outpatient,East NY,S,Q4 2019,-4708
Outpatient,East NY,W,Q2 2019,0
Outpatient,East NY,Y,Q1 2019,0
Outpatient,East NY,Y,Q1 2020,0
Outpatient,East NY,Y,Q2 2019,-384
Outpatient,East NY,Y,Q2 2020,0
Outpatient,East NY,Y,Q3 2018,0
Outpatient,East NY,Y,Q3 2019,-661
Outpatient,East NY,Y,Q4 2018,-145
Outpatient,East NY,Y,Q4 2019,-585
Outpatient,East NY,Z,Q1 2019,-234440
Outpatient,East NY,Z,Q1 2020,-968
Outpatient,East NY,Z,Q2 2019,-195146
Outpatient,East NY,Z,Q2 2020,-254
Outpatient,East NY,Z,Q3 2018,-132820
Outpatient,East NY,Z,Q3 2019,-71819
Outpatient,East NY,Z,Q4 2018,-132643
Outpatient,East NY,Z,Q4 2019,-4517
Outpatient,Elmhurst,A,Q1 2019,0
Outpatient,Elmhurst,A,Q2 2019,-287
Outpatient,Elmhurst,A,Q3 2019,0
Outpatient,Elmhurst,A,Q4 2018,0
Outpatient,Elmhurst,A,Q4 2019,0
Outpatient,Elmhurst,B,Q4 2018,0
Outpatient,Elmhurst,C,Q1 2019,0
Outpatient,Elmhurst,C,Q4 2018,-38
Outpatient,Elmhurst,C,Q4 2019,0
Outpatient,Elmhurst,D,Q4 2018,0
Outpatient,Elmhurst,E,Q4 2018,0
Outpatient,Elmhurst,F,Q4 2018,0
Outpatient,Elmhurst,H,Q1 2019,-252
Outpatient,Elmhurst,H,Q1 2020,0
Outpatient,Elmhurst,H,Q2 2019,-116
Outpatient,Elmhurst,H,Q3 2019,0
Outpatient,Elmhurst,H,Q4 2018,-2934
Outpatient,Elmhurst,H,Q4 2019,0
Outpatient,Elmhurst,J,Q4 2018,0
Outpatient,Elmhurst,K,Q1 2019,-980
Outpatient,Elmhurst,K,Q1 2020,0
Outpatient,Elmhurst,K,Q2 2019,-354
Outpatient,Elmhurst,K,Q2 2020,0
Outpatient,Elmhurst,K,Q3 2019,0
Outpatient,Elmhurst,K,Q4 2018,-30930
Outpatient,Elmhurst,K,Q4 2019,0
Outpatient,Elmhurst,M,Q1 2019,0
Outpatient,Elmhurst,M,Q2 2020,0
Outpatient,Elmhurst,M,Q4 2018,-45
Outpatient,Elmhurst,P,Q4 2018,0
Outpatient,Elmhurst,R,Q1 2019,-290
Outpatient,Elmhurst,R,Q1 2020,0
Outpatient,Elmhurst,R,Q2 2019,0
Outpatient,Elmhurst,R,Q2 2020,0
Outpatient,Elmhurst,R,Q3 2019,0
Outpatient,Elmhurst,R,Q4 2018,-3695
Outpatient,Elmhurst,R,Q4 2019,0
Outpatient,Elmhurst,S,Q4 2018,0
Outpatient,Elmhurst,S,Q4 2019,0
Outpatient,Elmhurst,U,Q4 2018,0
Outpatient,Elmhurst,W,Q4 2018,0
Outpatient,Elmhurst,Y,Q1 2019,0
Outpatient,Elmhurst,Y,Q4 2018,-35
Outpatient,Elmhurst,Y,Q4 2019,0
Outpatient,Elmhurst,Z,Q1 2019,-1060
Outpatient,Elmhurst,Z,Q1 2020,0
Outpatient,Elmhurst,Z,Q2 2019,-3113
Outpatient,Elmhurst,Z,Q2 2020,0
Outpatient,Elmhurst,Z,Q3 2019,0
Outpatient,Elmhurst,Z,Q4 2018,-209
Outpatient,Elmhurst,Z,Q4 2019,0
Outpatient,Gouverneur,A,Q1 2019,-274478
Outpatient,Gouverneur,A,Q1 2020,-13775
Outpatient,Gouverneur,A,Q2 2019,-146898
Outpatient,Gouverneur,A,Q2 2020,-102
Outpatient,Gouverneur,A,Q3 2018,-211420
Outpatient,Gouverneur,A,Q3 2019,-6934
Outpatient,Gouverneur,A,Q4 2018,-323240
Outpatient,Gouverneur,A,Q4 2019,-16078
Outpatient,Gouverneur,B,Q4 2018,0
Outpatient,Gouverneur,C,Q1 2019,-550
Outpatient,Gouverneur,C,Q1 2020,-996
Outpatient,Gouverneur,C,Q2 2019,-5163
Outpatient,Gouverneur,C,Q2 2020,0
Outpatient,Gouverneur,C,Q3 2018,-654
Outpatient,Gouverneur,C,Q3 2019,-3034
Outpatient,Gouverneur,C,Q4 2018,0
Outpatient,Gouverneur,C,Q4 2019,-2675
Outpatient,Gouverneur,E,Q2 2019,-341
Outpatient,Gouverneur,E,Q3 2018,15
Outpatient,Gouverneur,E,Q4 2018,0
Outpatient,Gouverneur,F,Q1 2019,-42
Outpatient,Gouverneur,F,Q3 2018,0
Outpatient,Gouverneur,G,Q1 2019,-193
Outpatient,Gouverneur,G,Q2 2020,0
Outpatient,Gouverneur,G,Q3 2018,-417
Outpatient,Gouverneur,G,Q3 2019,0
Outpatient,Gouverneur,G,Q4 2018,-417
Outpatient,Gouverneur,H,Q1 2019,-620210
Outpatient,Gouverneur,H,Q1 2020,-27734
Outpatient,Gouverneur,H,Q2 2019,-284608
Outpatient,Gouverneur,H,Q2 2020,-63
Outpatient,Gouverneur,H,Q3 2018,-264420
Outpatient,Gouverneur,H,Q3 2019,-46511
Outpatient,Gouverneur,H,Q4 2018,-423303
Outpatient,Gouverneur,H,Q4 2019,-85111
Outpatient,Gouverneur,I,Q3 2018,-360
Outpatient,Gouverneur,I,Q4 2018,-77
Outpatient,Gouverneur,K,Q1 2019,-1947369
Outpatient,Gouverneur,K,Q1 2020,-15845
Outpatient,Gouverneur,K,Q2 2019,-666224
Outpatient,Gouverneur,K,Q2 2020,0
Outpatient,Gouverneur,K,Q3 2018,-935476
Outpatient,Gouverneur,K,Q3 2019,-5235
Outpatient,Gouverneur,K,Q4 2018,-1785336
Outpatient,Gouverneur,K,Q4 2019,-6985
Outpatient,Gouverneur,M,Q1 2019,-110836
Outpatient,Gouverneur,M,Q1 2020,-1086
Outpatient,Gouverneur,M,Q2 2019,-97613
Outpatient,Gouverneur,M,Q2 2020,483
Outpatient,Gouverneur,M,Q3 2018,-68829
Outpatient,Gouverneur,M,Q3 2019,11
Outpatient,Gouverneur,M,Q4 2018,-105121
Outpatient,Gouverneur,M,Q4 2019,-697
Outpatient,Gouverneur,N,Q1 2019,-714
Outpatient,Gouverneur,N,Q4 2018,0
Outpatient,Gouverneur,P,Q4 2018,-60
Outpatient,Gouverneur,R,Q1 2019,-1188560
Outpatient,Gouverneur,R,Q1 2020,-29321
Outpatient,Gouverneur,R,Q2 2019,-478421
Outpatient,Gouverneur,R,Q2 2020,0
Outpatient,Gouverneur,R,Q3 2018,-422965
Outpatient,Gouverneur,R,Q3 2019,-9408
Outpatient,Gouverneur,R,Q4 2018,-702380
Outpatient,Gouverneur,R,Q4 2019,-22770
Outpatient,Gouverneur,S,Q1 2019,-138088
Outpatient,Gouverneur,S,Q1 2020,-16390
Outpatient,Gouverneur,S,Q2 2019,-60944
Outpatient,Gouverneur,S,Q2 2020,12
Outpatient,Gouverneur,S,Q3 2018,-90351
Outpatient,Gouverneur,S,Q3 2019,-7367
Outpatient,Gouverneur,S,Q4 2018,-132033
Outpatient,Gouverneur,S,Q4 2019,-12226
Outpatient,Gouverneur,T,Q1 2019,-435
Outpatient,Gouverneur,T,Q1 2020,0
Outpatient,Gouverneur,T,Q2 2019,-836
Outpatient,Gouverneur,T,Q2 2020,0
Outpatient,Gouverneur,T,Q3 2018,0
Outpatient,Gouverneur,T,Q3 2019,0
Outpatient,Gouverneur,T,Q4 2018,0
Outpatient,Gouverneur,T,Q4 2019,0
Outpatient,Gouverneur,W,Q1 2019,0
Outpatient,Gouverneur,W,Q2 2020,0
Outpatient,Gouverneur,W,Q3 2019,0
Outpatient,Gouverneur,W,Q4 2018,0
Outpatient,Gouverneur,Y,Q3 2018,0
Outpatient,Gouverneur,Y,Q4 2018,0
Outpatient,Gouverneur,Z,Q1 2019,-1484208
Outpatient,Gouverneur,Z,Q1 2020,-5598
Outpatient,Gouverneur,Z,Q2 2019,-529119
Outpatient,Gouverneur,Z,Q2 2020,-10
Outpatient,Gouverneur,Z,Q3 2018,-687543
Outpatient,Gouverneur,Z,Q3 2019,-9646
Outpatient,Gouverneur,Z,Q4 2018,-691858
Outpatient,Gouverneur,Z,Q4 2019,-30920
Outpatient,Harlem,A,Q1 2019,-205318
Outpatient,Harlem,A,Q1 2020,-7075
Outpatient,Harlem,A,Q2 2019,-79656
Outpatient,Harlem,A,Q2 2020,-455
Outpatient,Harlem,A,Q3 2018,-178150
Outpatient,Harlem,A,Q3 2019,-9183
Outpatient,Harlem,A,Q4 2018,-235131
Outpatient,Harlem,A,Q4 2019,-629
Outpatient,Harlem,B,Q1 2019,-983
Outpatient,Harlem,B,Q1 2020,0
Outpatient,Harlem,B,Q2 2019,0
Outpatient,Harlem,B,Q3 2018,-1208
Outpatient,Harlem,B,Q3 2019,0
Outpatient,Harlem,B,Q4 2018,-1099
Outpatient,Harlem,C,Q1 2019,-77394
Outpatient,Harlem,C,Q1 2020,322
Outpatient,Harlem,C,Q2 2019,-24038
Outpatient,Harlem,C,Q2 2020,-8682
Outpatient,Harlem,C,Q3 2018,-47342
Outpatient,Harlem,C,Q3 2019,-5492
Outpatient,Harlem,C,Q4 2018,-75758
Outpatient,Harlem,C,Q4 2019,-754
Outpatient,Harlem,D,Q1 2019,-165
Outpatient,Harlem,D,Q3 2019,0
Outpatient,Harlem,D,Q4 2018,0
Outpatient,Harlem,E,Q1 2019,-12800
Outpatient,Harlem,E,Q1 2020,0
Outpatient,Harlem,E,Q2 2019,-4521
Outpatient,Harlem,E,Q2 2020,-145
Outpatient,Harlem,E,Q3 2018,-6182
Outpatient,Harlem,E,Q3 2019,-918
Outpatient,Harlem,E,Q4 2018,-11682
Outpatient,Harlem,E,Q4 2019,220
Outpatient,Harlem,F,Q3 2018,0
Outpatient,Harlem,F,Q4 2018,0
Outpatient,Harlem,G,Q1 2019,-186
Outpatient,Harlem,G,Q3 2018,0
Outpatient,Harlem,G,Q4 2018,-175
Outpatient,Harlem,H,Q1 2019,-627967
Outpatient,Harlem,H,Q1 2020,-4037
Outpatient,Harlem,H,Q2 2019,-242309
Outpatient,Harlem,H,Q2 2020,-25742
Outpatient,Harlem,H,Q3 2018,-349552
Outpatient,Harlem,H,Q3 2019,-32890
Outpatient,Harlem,H,Q4 2018,-588107
Outpatient,Harlem,H,Q4 2019,-18731
Outpatient,Harlem,I,Q1 2019,-4914
Outpatient,Harlem,I,Q1 2020,0
Outpatient,Harlem,I,Q2 2019,-1376
Outpatient,Harlem,I,Q3 2018,-4499
Outpatient,Harlem,I,Q3 2019,0
Outpatient,Harlem,I,Q4 2018,-2716
Outpatient,Harlem,I,Q4 2019,0
Outpatient,Harlem,J,Q1 2019,-547
Outpatient,Harlem,J,Q1 2020,0
Outpatient,Harlem,J,Q2 2019,-374
Outpatient,Harlem,J,Q3 2018,-15
Outpatient,Harlem,J,Q3 2019,0
Outpatient,Harlem,J,Q4 2018,-4182
Outpatient,Harlem,K,Q1 2019,-1955069
Outpatient,Harlem,K,Q1 2020,-1437
Outpatient,Harlem,K,Q2 2019,-431199
Outpatient,Harlem,K,Q2 2020,-218
Outpatient,Harlem,K,Q3 2018,-1137904
Outpatient,Harlem,K,Q3 2019,-112669
Outpatient,Harlem,K,Q4 2018,-2082675
Outpatient,Harlem,K,Q4 2019,-15522
Outpatient,Harlem,M,Q1 2019,-557416
Outpatient,Harlem,M,Q1 2020,-4284
Outpatient,Harlem,M,Q2 2019,-177558
Outpatient,Harlem,M,Q2 2020,-1296
Outpatient,Harlem,M,Q3 2018,-396881
Outpatient,Harlem,M,Q3 2019,-10954
Outpatient,Harlem,M,Q4 2018,-590060
Outpatient,Harlem,M,Q4 2019,-12646
Outpatient,Harlem,N,Q1 2019,-1729
Outpatient,Harlem,N,Q1 2020,0
Outpatient,Harlem,N,Q2 2019,-1030
Outpatient,Harlem,N,Q3 2018,-2793
Outpatient,Harlem,N,Q3 2019,0
Outpatient,Harlem,N,Q4 2018,-1371
Outpatient,Harlem,N,Q4 2019,0
Outpatient,Harlem,P,Q1 2019,-335
Outpatient,Harlem,P,Q1 2020,0
Outpatient,Harlem,P,Q3 2018,-646
Outpatient,Harlem,P,Q3 2019,0
Outpatient,Harlem,P,Q4 2018,-224
Outpatient,Harlem,P,Q4 2019,0
Outpatient,Harlem,R,Q1 2019,-2894910
Outpatient,Harlem,R,Q1 2020,-9372
Outpatient,Harlem,R,Q2 2019,-903217
Outpatient,Harlem,R,Q2 2020,-27459
Outpatient,Harlem,R,Q3 2018,-1317674
Outpatient,Harlem,R,Q3 2019,-78095
Outpatient,Harlem,R,Q4 2018,-1674418
Outpatient,Harlem,R,Q4 2019,-33347
Outpatient,Harlem,S,Q1 2019,-377431
Outpatient,Harlem,S,Q1 2020,-3210
Outpatient,Harlem,S,Q2 2019,-133698
Outpatient,Harlem,S,Q2 2020,-1250
Outpatient,Harlem,S,Q3 2018,-205252
Outpatient,Harlem,S,Q3 2019,-33256
Outpatient,Harlem,S,Q4 2018,-353592
Outpatient,Harlem,S,Q4 2019,-4084
Outpatient,Harlem,T,Q1 2019,-12487
Outpatient,Harlem,T,Q1 2020,0
Outpatient,Harlem,T,Q2 2019,-5482
Outpatient,Harlem,T,Q2 2020,0
Outpatient,Harlem,T,Q3 2018,-8135
Outpatient,Harlem,T,Q3 2019,-187
Outpatient,Harlem,T,Q4 2018,-11170
Outpatient,Harlem,T,Q4 2019,-27
Outpatient,Harlem,U,Q1 2019,-780
Outpatient,Harlem,U,Q2 2019,-780
Outpatient,Harlem,U,Q4 2018,-780
Outpatient,Harlem,U,Q4 2019,0
Outpatient,Harlem,W,Q1 2019,-631
Outpatient,Harlem,W,Q1 2020,0
Outpatient,Harlem,W,Q2 2019,-1237
Outpatient,Harlem,W,Q2 2020,0
Outpatient,Harlem,W,Q3 2018,-621
Outpatient,Harlem,W,Q3 2019,-722
Outpatient,Harlem,W,Q4 2018,-2487
Outpatient,Harlem,W,Q4 2019,0
Outpatient,Harlem,Y,Q1 2019,-2288
Outpatient,Harlem,Y,Q1 2020,-197
Outpatient,Harlem,Y,Q2 2019,-874
Outpatient,Harlem,Y,Q2 2020,0
Outpatient,Harlem,Y,Q3 2018,-777
Outpatient,Harlem,Y,Q3 2019,-723
Outpatient,Harlem,Y,Q4 2018,-4841
Outpatient,Harlem,Y,Q4 2019,-136
Outpatient,Harlem,Z,Q1 2019,-954306
Outpatient,Harlem,Z,Q1 2020,-2301
Outpatient,Harlem,Z,Q2 2019,-242711
Outpatient,Harlem,Z,Q2 2020,-5816
Outpatient,Harlem,Z,Q3 2018,-411854
Outpatient,Harlem,Z,Q3 2019,-29851
Outpatient,Harlem,Z,Q4 2018,-430902
Outpatient,Harlem,Z,Q4 2019,-18818
Outpatient,Jacobi,A,Q1 2019,-84
Outpatient,Jacobi,A,Q1 2020,0
Outpatient,Jacobi,A,Q2 2019,0
Outpatient,Jacobi,A,Q2 2020,0
Outpatient,Jacobi,A,Q3 2019,-89
Outpatient,Jacobi,A,Q4 2018,0
Outpatient,Jacobi,A,Q4 2019,0
Outpatient,Jacobi,B,Q4 2018,0
Outpatient,Jacobi,B,Q4 2019,0
Outpatient,Jacobi,C,Q1 2019,-181
Outpatient,Jacobi,C,Q2 2019,0
Outpatient,Jacobi,C,Q2 2020,0
Outpatient,Jacobi,C,Q4 2018,0
Outpatient,Jacobi,C,Q4 2019,0
Outpatient,Jacobi,D,Q4 2018,0
Outpatient,Jacobi,E,Q4 2018,0
Outpatient,Jacobi,F,Q4 2018,0
Outpatient,Jacobi,H,Q1 2019,-11566
Outpatient,Jacobi,H,Q1 2020,0
Outpatient,Jacobi,H,Q2 2019,-10498
Outpatient,Jacobi,H,Q2 2020,0
Outpatient,Jacobi,H,Q3 2019,-2774
Outpatient,Jacobi,H,Q4 2018,-9745
Outpatient,Jacobi,H,Q4 2019,-28
Outpatient,Jacobi,K,Q1 2019,-82906
Outpatient,Jacobi,K,Q1 2020,0
Outpatient,Jacobi,K,Q2 2019,-78133
Outpatient,Jacobi,K,Q2 2020,0
Outpatient,Jacobi,K,Q3 2019,-24395
Outpatient,Jacobi,K,Q4 2018,-47879
Outpatient,Jacobi,K,Q4 2019,-210
Outpatient,Jacobi,M,Q1 2019,-4279
Outpatient,Jacobi,M,Q1 2020,0
Outpatient,Jacobi,M,Q2 2019,-3940
Outpatient,Jacobi,M,Q2 2020,0
Outpatient,Jacobi,M,Q3 2019,-772
Outpatient,Jacobi,M,Q4 2018,-491
Outpatient,Jacobi,M,Q4 2019,0
Outpatient,Jacobi,P,Q4 2018,0
Outpatient,Jacobi,R,Q1 2019,-18078
Outpatient,Jacobi,R,Q1 2020,-45
Outpatient,Jacobi,R,Q2 2019,-17292
Outpatient,Jacobi,R,Q2 2020,-120
Outpatient,Jacobi,R,Q3 2019,-4212
Outpatient,Jacobi,R,Q4 2018,-5490
Outpatient,Jacobi,R,Q4 2019,-368
Outpatient,Jacobi,S,Q1 2019,-3378
Outpatient,Jacobi,S,Q1 2020,-40
Outpatient,Jacobi,S,Q2 2019,-1149
Outpatient,Jacobi,S,Q2 2020,0
Outpatient,Jacobi,S,Q3 2019,-1290
Outpatient,Jacobi,S,Q4 2018,0
Outpatient,Jacobi,S,Q4 2019,-80
Outpatient,Jacobi,T,Q4 2018,0
Outpatient,Jacobi,U,Q4 2018,0
Outpatient,Jacobi,W,Q4 2018,0
Outpatient,Jacobi,Y,Q4 2018,0
Outpatient,Jacobi,Z,Q1 2019,-3934
Outpatient,Jacobi,Z,Q1 2020,0
Outpatient,Jacobi,Z,Q2 2019,-2951
Outpatient,Jacobi,Z,Q2 2020,0
Outpatient,Jacobi,Z,Q3 2019,-556
Outpatient,Jacobi,Z,Q4 2018,-61
Outpatient,Jacobi,Z,Q4 2019,0
Outpatient,Kings,A,Q1 2019,-1233737
Outpatient,Kings,A,Q1 2020,-12303
Outpatient,Kings,A,Q2 2019,-1467114
Outpatient,Kings,A,Q2 2020,-7652
Outpatient,Kings,A,Q3 2018,-691420
Outpatient,Kings,A,Q3 2019,-694241
Outpatient,Kings,A,Q4 2018,-1312637
Outpatient,Kings,A,Q4 2019,-187385
Outpatient,Kings,B,Q1 2019,-1450
Outpatient,Kings,B,Q1 2020,-210
Outpatient,Kings,B,Q2 2019,-1985
Outpatient,Kings,B,Q2 2020,-15
Outpatient,Kings,B,Q3 2018,-1534
Outpatient,Kings,B,Q3 2019,-1460
Outpatient,Kings,B,Q4 2018,-1424
Outpatient,Kings,B,Q4 2019,-50
Outpatient,Kings,C,Q1 2019,-327213
Outpatient,Kings,C,Q1 2020,-5785
Outpatient,Kings,C,Q2 2019,-305298
Outpatient,Kings,C,Q2 2020,-3166
Outpatient,Kings,C,Q3 2018,-143619
Outpatient,Kings,C,Q3 2019,-157400
Outpatient,Kings,C,Q4 2018,-267964
Outpatient,Kings,C,Q4 2019,-50760
Outpatient,Kings,D,Q1 2019,-4099
Outpatient,Kings,D,Q1 2020,0
Outpatient,Kings,D,Q2 2019,-3535
Outpatient,Kings,D,Q2 2020,0
Outpatient,Kings,D,Q3 2018,0
Outpatient,Kings,D,Q3 2019,-1532
Outpatient,Kings,D,Q4 2018,-1890
Outpatient,Kings,D,Q4 2019,0
Outpatient,Kings,E,Q1 2019,-40
Outpatient,Kings,E,Q1 2020,-30
Outpatient,Kings,E,Q2 2019,-6231
Outpatient,Kings,E,Q3 2018,-165
Outpatient,Kings,E,Q3 2019,-582
Outpatient,Kings,E,Q4 2018,-874
Outpatient,Kings,E,Q4 2019,-946
Outpatient,Kings,F,Q1 2019,-4637
Outpatient,Kings,F,Q1 2020,0
Outpatient,Kings,F,Q2 2019,-5684
Outpatient,Kings,F,Q2 2020,0
Outpatient,Kings,F,Q3 2018,-51
Outpatient,Kings,F,Q3 2019,-3853
Outpatient,Kings,F,Q4 2018,-1228
Outpatient,Kings,F,Q4 2019,-877
Outpatient,Kings,G,Q1 2020,0
Outpatient,Kings,G,Q2 2019,-688
Outpatient,Kings,G,Q3 2019,-15
Outpatient,Kings,G,Q4 2018,0
Outpatient,Kings,G,Q4 2019,-27
Outpatient,Kings,H,Q1 2019,-3050774
Outpatient,Kings,H,Q1 2020,-208661
Outpatient,Kings,H,Q2 2019,-3107941
Outpatient,Kings,H,Q2 2020,-125005
Outpatient,Kings,H,Q3 2018,-960727
Outpatient,Kings,H,Q3 2019,-1581490
Outpatient,Kings,H,Q4 2018,-1975377
Outpatient,Kings,H,Q4 2019,-766146
Outpatient,Kings,I,Q1 2019,-21352
Outpatient,Kings,I,Q1 2020,0
Outpatient,Kings,I,Q2 2019,-16774
Outpatient,Kings,I,Q2 2020,0
Outpatient,Kings,I,Q3 2018,-13969
Outpatient,Kings,I,Q3 2019,-4386
Outpatient,Kings,I,Q4 2018,-22638
Outpatient,Kings,I,Q4 2019,-198
Outpatient,Kings,J,Q3 2018,-175
Outpatient,Kings,J,Q3 2019,0
Outpatient,Kings,K,Q1 2019,-4551236
Outpatient,Kings,K,Q1 2020,-34080
Outpatient,Kings,K,Q2 2019,-3828120
Outpatient,Kings,K,Q2 2020,-8238
Outpatient,Kings,K,Q3 2018,-2023028
Outpatient,Kings,K,Q3 2019,-1573299
Outpatient,Kings,K,Q4 2018,-3864131
Outpatient,Kings,K,Q4 2019,-212750
Outpatient,Kings,M,Q1 2019,-1679289
Outpatient,Kings,M,Q1 2020,-49533
Outpatient,Kings,M,Q2 2019,-2193923
Outpatient,Kings,M,Q2 2020,-43497
Outpatient,Kings,M,Q3 2018,-1039298
Outpatient,Kings,M,Q3 2019,-987215
Outpatient,Kings,M,Q4 2018,-1532261
Outpatient,Kings,M,Q4 2019,-154335
Outpatient,Kings,N,Q1 2019,-188
Outpatient,Kings,N,Q2 2019,-50
Outpatient,Kings,N,Q2 2020,0
Outpatient,Kings,N,Q3 2018,-45
Outpatient,Kings,N,Q3 2019,-1101
Outpatient,Kings,N,Q4 2018,0
Outpatient,Kings,P,Q1 2019,-1442
Outpatient,Kings,P,Q1 2020,0
Outpatient,Kings,P,Q2 2019,-6511
Outpatient,Kings,P,Q3 2018,-517
Outpatient,Kings,P,Q3 2019,-424
Outpatient,Kings,P,Q4 2018,-870
Outpatient,Kings,P,Q4 2019,-376
Outpatient,Kings,Q,Q4 2019,-625
Outpatient,Kings,R,Q1 2019,-4837753
Outpatient,Kings,R,Q1 2020,-71127
Outpatient,Kings,R,Q2 2019,-4057232
Outpatient,Kings,R,Q2 2020,-46551
Outpatient,Kings,R,Q3 2018,-1654730
Outpatient,Kings,R,Q3 2019,-1834029
Outpatient,Kings,R,Q4 2018,-2379925
Outpatient,Kings,R,Q4 2019,-481824
Outpatient,Kings,S,Q1 2019,-1270951
Outpatient,Kings,S,Q1 2020,-47702
Outpatient,Kings,S,Q2 2019,-1319701
Outpatient,Kings,S,Q2 2020,-15158
Outpatient,Kings,S,Q3 2018,-371857
Outpatient,Kings,S,Q3 2019,-907744
Outpatient,Kings,S,Q4 2018,-928016
Outpatient,Kings,S,Q4 2019,-247932
Outpatient,Kings,T,Q1 2019,-30
Outpatient,Kings,T,Q4 2018,0
Outpatient,Kings,U,Q1 2019,-239
Outpatient,Kings,U,Q1 2020,-208
Outpatient,Kings,U,Q2 2019,-827
Outpatient,Kings,U,Q2 2020,-366
Outpatient,Kings,U,Q3 2018,-137
Outpatient,Kings,U,Q3 2019,-3130
Outpatient,Kings,U,Q4 2018,-1057
Outpatient,Kings,U,Q4 2019,-148
Outpatient,Kings,V,Q2 2019,-231
Outpatient,Kings,V,Q3 2018,-292
Outpatient,Kings,V,Q4 2018,-292
Outpatient,Kings,W,Q1 2019,-14411
Outpatient,Kings,W,Q1 2020,-936
Outpatient,Kings,W,Q2 2019,-31722
Outpatient,Kings,W,Q2 2020,-3072
Outpatient,Kings,W,Q3 2018,-2628
Outpatient,Kings,W,Q3 2019,-7431
Outpatient,Kings,W,Q4 2018,-1599
Outpatient,Kings,W,Q4 2019,-8025
Outpatient,Kings,Y,Q1 2019,-68076
Outpatient,Kings,Y,Q1 2020,-4249
Outpatient,Kings,Y,Q2 2019,-81937
Outpatient,Kings,Y,Q2 2020,-4695
Outpatient,Kings,Y,Q3 2018,-17446
Outpatient,Kings,Y,Q3 2019,-53180
Outpatient,Kings,Y,Q4 2018,-48061
Outpatient,Kings,Y,Q4 2019,-48420
Outpatient,Kings,Z,Q1 2019,-2174512
Outpatient,Kings,Z,Q1 2020,-24497
Outpatient,Kings,Z,Q2 2019,-2193164
Outpatient,Kings,Z,Q2 2020,-5498
Outpatient,Kings,Z,Q3 2018,-1063395
Outpatient,Kings,Z,Q3 2019,-818060
Outpatient,Kings,Z,Q4 2018,-1373831
Outpatient,Kings,Z,Q4 2019,-233153
Outpatient,Lincoln,A,Q1 2019,-610244
Outpatient,Lincoln,A,Q1 2020,-31672
Outpatient,Lincoln,A,Q2 2019,-566403
Outpatient,Lincoln,A,Q2 2020,-17476
Outpatient,Lincoln,A,Q3 2018,-398423
Outpatient,Lincoln,A,Q3 2019,-340358
Outpatient,Lincoln,A,Q4 2018,-575200
Outpatient,Lincoln,A,Q4 2019,-70781
Outpatient,Lincoln,B,Q1 2019,-5479
Outpatient,Lincoln,B,Q1 2020,0
Outpatient,Lincoln,B,Q2 2019,-2253
Outpatient,Lincoln,B,Q2 2020,0
Outpatient,Lincoln,B,Q3 2018,-1984
Outpatient,Lincoln,B,Q3 2019,-2570
Outpatient,Lincoln,B,Q4 2018,-13129
Outpatient,Lincoln,B,Q4 2019,-1389
Outpatient,Lincoln,C,Q1 2019,-186050
Outpatient,Lincoln,C,Q1 2020,-2355
Outpatient,Lincoln,C,Q2 2019,-223390
Outpatient,Lincoln,C,Q2 2020,-2596
Outpatient,Lincoln,C,Q3 2018,-116257
Outpatient,Lincoln,C,Q3 2019,-81328
Outpatient,Lincoln,C,Q4 2018,-199483
Outpatient,Lincoln,C,Q4 2019,-17496
Outpatient,Lincoln,D,Q1 2019,-165
Outpatient,Lincoln,E,Q1 2019,-24336
Outpatient,Lincoln,E,Q1 2020,-15
Outpatient,Lincoln,E,Q2 2019,-20892
Outpatient,Lincoln,E,Q2 2020,-323
Outpatient,Lincoln,E,Q3 2018,-14129
Outpatient,Lincoln,E,Q3 2019,-14174
Outpatient,Lincoln,E,Q4 2018,-20166
Outpatient,Lincoln,E,Q4 2019,-4368
Outpatient,Lincoln,F,Q1 2019,-1093
Outpatient,Lincoln,F,Q1 2020,0
Outpatient,Lincoln,F,Q2 2019,0
Outpatient,Lincoln,F,Q3 2018,0
Outpatient,Lincoln,F,Q3 2019,-165
Outpatient,Lincoln,F,Q4 2018,-227
Outpatient,Lincoln,F,Q4 2019,-1944
Outpatient,Lincoln,G,Q2 2019,-145
Outpatient,Lincoln,H,Q1 2019,-1083332
Outpatient,Lincoln,H,Q1 2020,-58458
Outpatient,Lincoln,H,Q2 2019,-1170633
Outpatient,Lincoln,H,Q2 2020,-56659
Outpatient,Lincoln,H,Q3 2018,-530334
Outpatient,Lincoln,H,Q3 2019,-618203
Outpatient,Lincoln,H,Q4 2018,-923090
Outpatient,Lincoln,H,Q4 2019,-147548
Outpatient,Lincoln,I,Q1 2019,-6647
Outpatient,Lincoln,I,Q2 2019,-2318
Outpatient,Lincoln,I,Q3 2018,-94
Outpatient,Lincoln,I,Q3 2019,-1349
Outpatient,Lincoln,I,Q4 2018,-959
Outpatient,Lincoln,I,Q4 2019,-165
Outpatient,Lincoln,J,Q1 2019,0
Outpatient,Lincoln,K,Q1 2019,-4396166
Outpatient,Lincoln,K,Q1 2020,-30499
Outpatient,Lincoln,K,Q2 2019,-4031558
Outpatient,Lincoln,K,Q2 2020,-24675
Outpatient,Lincoln,K,Q3 2018,-2453613
Outpatient,Lincoln,K,Q3 2019,-1449901
Outpatient,Lincoln,K,Q4 2018,-4284243
Outpatient,Lincoln,K,Q4 2019,-71441
Outpatient,Lincoln,L,Q4 2018,0
Outpatient,Lincoln,M,Q1 2019,-2256106
Outpatient,Lincoln,M,Q1 2020,-12712
Outpatient,Lincoln,M,Q2 2019,-2201626
Outpatient,Lincoln,M,Q2 2020,-16323
Outpatient,Lincoln,M,Q3 2018,-1193749
Outpatient,Lincoln,M,Q3 2019,-816975
Outpatient,Lincoln,M,Q4 2018,-1872775
Outpatient,Lincoln,M,Q4 2019,-63228
Outpatient,Lincoln,N,Q1 2019,-2067
Outpatient,Lincoln,N,Q1 2020,0
Outpatient,Lincoln,N,Q2 2019,-2159
Outpatient,Lincoln,N,Q2 2020,0
Outpatient,Lincoln,N,Q3 2018,-10098
Outpatient,Lincoln,N,Q3 2019,-391
Outpatient,Lincoln,N,Q4 2018,-3101
Outpatient,Lincoln,N,Q4 2019,-2444
Outpatient,Lincoln,P,Q1 2019,-1463
Outpatient,Lincoln,P,Q1 2020,155
Outpatient,Lincoln,P,Q2 2019,-1543
Outpatient,Lincoln,P,Q2 2020,0
Outpatient,Lincoln,P,Q3 2018,-147
Outpatient,Lincoln,P,Q3 2019,-1246
Outpatient,Lincoln,P,Q4 2018,-1436
Outpatient,Lincoln,P,Q4 2019,-274
Outpatient,Lincoln,R,Q1 2019,-5269319
Outpatient,Lincoln,R,Q1 2020,-51002
Outpatient,Lincoln,R,Q2 2019,-4308638
Outpatient,Lincoln,R,Q2 2020,-111572
Outpatient,Lincoln,R,Q3 2018,-2258864
Outpatient,Lincoln,R,Q3 2019,-1993425
Outpatient,Lincoln,R,Q4 2018,-2939669
Outpatient,Lincoln,R,Q4 2019,-205960
Outpatient,Lincoln,S,Q1 2019,-1213979
Outpatient,Lincoln,S,Q1 2020,-20745
Outpatient,Lincoln,S,Q2 2019,-1073965
Outpatient,Lincoln,S,Q2 2020,-15235
Outpatient,Lincoln,S,Q3 2018,-444634
Outpatient,Lincoln,S,Q3 2019,-572539
Outpatient,Lincoln,S,Q4 2018,-898162
Outpatient,Lincoln,S,Q4 2019,-133408
Outpatient,Lincoln,T,Q1 2019,-1032
Outpatient,Lincoln,T,Q2 2019,-622
Outpatient,Lincoln,T,Q4 2018,-214
Outpatient,Lincoln,U,Q2 2019,-743
Outpatient,Lincoln,U,Q3 2019,-263
Outpatient,Lincoln,U,Q4 2018,-2827
Outpatient,Lincoln,U,Q4 2019,0
Outpatient,Lincoln,V,Q2 2019,0
Outpatient,Lincoln,V,Q3 2018,0
Outpatient,Lincoln,V,Q4 2018,-275
Outpatient,Lincoln,V,Q4 2019,-539
Outpatient,Lincoln,W,Q1 2019,-6785
Outpatient,Lincoln,W,Q1 2020,-921
Outpatient,Lincoln,W,Q2 2019,-15719
Outpatient,Lincoln,W,Q2 2020,-428
Outpatient,Lincoln,W,Q3 2018,-1698
Outpatient,Lincoln,W,Q3 2019,-8633
Outpatient,Lincoln,W,Q4 2018,-11776
Outpatient,Lincoln,W,Q4 2019,-1511
Outpatient,Lincoln,Y,Q1 2019,-37519
Outpatient,Lincoln,Y,Q1 2020,-5516
Outpatient,Lincoln,Y,Q2 2019,-77538
Outpatient,Lincoln,Y,Q2 2020,-1275
Outpatient,Lincoln,Y,Q3 2018,-7703
Outpatient,Lincoln,Y,Q3 2019,-68750
Outpatient,Lincoln,Y,Q4 2018,-30777
Outpatient,Lincoln,Y,Q4 2019,-23965
Outpatient,Lincoln,Z,Q1 2019,-3264565
Outpatient,Lincoln,Z,Q1 2020,-67235
Outpatient,Lincoln,Z,Q2 2019,-2397624
Outpatient,Lincoln,Z,Q2 2020,-94235
Outpatient,Lincoln,Z,Q3 2018,-1410541
Outpatient,Lincoln,Z,Q3 2019,-1224447
Outpatient,Lincoln,Z,Q4 2018,-1629979
Outpatient,Lincoln,Z,Q4 2019,-154132
Outpatient,Metropolitan,A,Q1 2019,-799613
Outpatient,Metropolitan,A,Q1 2020,-4862
Outpatient,Metropolitan,A,Q2 2019,-756494
Outpatient,Metropolitan,A,Q2 2020,-2863
Outpatient,Metropolitan,A,Q3 2018,-344510
Outpatient,Metropolitan,A,Q3 2019,-379531
Outpatient,Metropolitan,A,Q4 2018,-641662
Outpatient,Metropolitan,A,Q4 2019,-50436
Outpatient,Metropolitan,B,Q1 2019,-3717
Outpatient,Metropolitan,B,Q1 2020,0
Outpatient,Metropolitan,B,Q2 2019,-5023
Outpatient,Metropolitan,B,Q2 2020,0
Outpatient,Metropolitan,B,Q3 2018,-4264
Outpatient,Metropolitan,B,Q3 2019,-2527
Outpatient,Metropolitan,B,Q4 2018,-2696
Outpatient,Metropolitan,B,Q4 2019,-591
Outpatient,Metropolitan,C,Q1 2019,-169499
Outpatient,Metropolitan,C,Q1 2020,-2183
Outpatient,Metropolitan,C,Q2 2019,-142669
Outpatient,Metropolitan,C,Q2 2020,0
Outpatient,Metropolitan,C,Q3 2018,-51150
Outpatient,Metropolitan,C,Q3 2019,-81762
Outpatient,Metropolitan,C,Q4 2018,-145371
Outpatient,Metropolitan,C,Q4 2019,-31457
Outpatient,Metropolitan,E,Q1 2019,-3603
Outpatient,Metropolitan,E,Q1 2020,0
Outpatient,Metropolitan,E,Q2 2019,-3939
Outpatient,Metropolitan,E,Q2 2020,0
Outpatient,Metropolitan,E,Q3 2018,-768
Outpatient,Metropolitan,E,Q3 2019,-438
Outpatient,Metropolitan,E,Q4 2018,-758
Outpatient,Metropolitan,E,Q4 2019,-173
Outpatient,Metropolitan,F,Q2 2019,-101
Outpatient,Metropolitan,F,Q3 2019,-101
Outpatient,Metropolitan,F,Q4 2018,0
Outpatient,Metropolitan,F,Q4 2019,0
Outpatient,Metropolitan,H,Q1 2019,-688035
Outpatient,Metropolitan,H,Q1 2020,-9825
Outpatient,Metropolitan,H,Q2 2019,-662332
Outpatient,Metropolitan,H,Q2 2020,-4042
Outpatient,Metropolitan,H,Q3 2018,-274002
Outpatient,Metropolitan,H,Q3 2019,-356946
Outpatient,Metropolitan,H,Q4 2018,-463625
Outpatient,Metropolitan,H,Q4 2019,-38682
Outpatient,Metropolitan,I,Q1 2019,-1047
Outpatient,Metropolitan,I,Q2 2019,-1000
Outpatient,Metropolitan,I,Q3 2018,-443
Outpatient,Metropolitan,I,Q3 2019,0
Outpatient,Metropolitan,I,Q4 2018,-427
Outpatient,Metropolitan,J,Q2 2019,0
Outpatient,Metropolitan,K,Q1 2019,-2886928
Outpatient,Metropolitan,K,Q1 2020,-29860
Outpatient,Metropolitan,K,Q2 2019,-2732718
Outpatient,Metropolitan,K,Q2 2020,-4310
Outpatient,Metropolitan,K,Q3 2018,-1515254
Outpatient,Metropolitan,K,Q3 2019,-976777
Outpatient,Metropolitan,K,Q4 2018,-2506175
Outpatient,Metropolitan,K,Q4 2019,-58263
Outpatient,Metropolitan,M,Q1 2019,-1398402
Outpatient,Metropolitan,M,Q1 2020,-5951
Outpatient,Metropolitan,M,Q2 2019,-1885320
Outpatient,Metropolitan,M,Q2 2020,-1710
Outpatient,Metropolitan,M,Q3 2018,-653385
Outpatient,Metropolitan,M,Q3 2019,-821103
Outpatient,Metropolitan,M,Q4 2018,-1177887
Outpatient,Metropolitan,M,Q4 2019,-54329
Outpatient,Metropolitan,N,Q1 2019,-729
Outpatient,Metropolitan,N,Q2 2019,-202
Outpatient,Metropolitan,N,Q4 2018,0
Outpatient,Metropolitan,N,Q4 2019,0
Outpatient,Metropolitan,P,Q1 2019,-165
Outpatient,Metropolitan,P,Q2 2019,-469
Outpatient,Metropolitan,P,Q3 2018,-638
Outpatient,Metropolitan,P,Q4 2018,0
Outpatient,Metropolitan,Q,Q2 2019,0
Outpatient,Metropolitan,R,Q1 2019,-2922109
Outpatient,Metropolitan,R,Q1 2020,-36531
Outpatient,Metropolitan,R,Q2 2019,-2620987
Outpatient,Metropolitan,R,Q2 2020,-9850
Outpatient,Metropolitan,R,Q3 2018,-1119627
Outpatient,Metropolitan,R,Q3 2019,-1060970
Outpatient,Metropolitan,R,Q4 2018,-1443616
Outpatient,Metropolitan,R,Q4 2019,-62344
Outpatient,Metropolitan,S,Q1 2019,-473997
Outpatient,Metropolitan,S,Q1 2020,-4772
Outpatient,Metropolitan,S,Q2 2019,-664120
Outpatient,Metropolitan,S,Q2 2020,-1732
Outpatient,Metropolitan,S,Q3 2018,-221756
Outpatient,Metropolitan,S,Q3 2019,-354059
Outpatient,Metropolitan,S,Q4 2018,-355206
Outpatient,Metropolitan,S,Q4 2019,-58488
Outpatient,Metropolitan,T,Q2 2019,-756
Outpatient,Metropolitan,U,Q3 2019,0
Outpatient,Metropolitan,V,Q3 2019,-271
Outpatient,Metropolitan,W,Q1 2019,-18068
Outpatient,Metropolitan,W,Q1 2020,0
Outpatient,Metropolitan,W,Q2 2019,-9486
Outpatient,Metropolitan,W,Q2 2020,0
Outpatient,Metropolitan,W,Q3 2018,-6552
Outpatient,Metropolitan,W,Q3 2019,-9072
Outpatient,Metropolitan,W,Q4 2018,-3255
Outpatient,Metropolitan,W,Q4 2019,-3011
Outpatient,Metropolitan,Y,Q1 2019,-4850
Outpatient,Metropolitan,Y,Q1 2020,0
Outpatient,Metropolitan,Y,Q2 2019,-369
Outpatient,Metropolitan,Y,Q2 2020,0
Outpatient,Metropolitan,Y,Q3 2018,-3280
Outpatient,Metropolitan,Y,Q3 2019,-712
Outpatient,Metropolitan,Y,Q4 2018,-62
Outpatient,Metropolitan,Y,Q4 2019,-358
Outpatient,Metropolitan,Z,Q1 2019,-2830278
Outpatient,Metropolitan,Z,Q1 2020,-5717
Outpatient,Metropolitan,Z,Q2 2019,-2410435
Outpatient,Metropolitan,Z,Q2 2020,-2775
Outpatient,Metropolitan,Z,Q3 2018,-935549
Outpatient,Metropolitan,Z,Q3 2019,-1092563
Outpatient,Metropolitan,Z,Q4 2018,-1419612
Outpatient,Metropolitan,Z,Q4 2019,-50146
Outpatient,Morrisania,A,Q1 2019,-25536
Outpatient,Morrisania,A,Q1 2020,96
Outpatient,Morrisania,A,Q2 2019,-33634
Outpatient,Morrisania,A,Q2 2020,0
Outpatient,Morrisania,A,Q3 2018,-22902
Outpatient,Morrisania,A,Q3 2019,-10771
Outpatient,Morrisania,A,Q4 2018,-27903
Outpatient,Morrisania,A,Q4 2019,-187
Outpatient,Morrisania,B,Q1 2019,-364
Outpatient,Morrisania,B,Q1 2020,0
Outpatient,Morrisania,B,Q2 2019,-754
Outpatient,Morrisania,B,Q2 2020,0
Outpatient,Morrisania,B,Q3 2018,0
Outpatient,Morrisania,B,Q3 2019,-678
Outpatient,Morrisania,B,Q4 2018,-20
Outpatient,Morrisania,B,Q4 2019,-12
Outpatient,Morrisania,C,Q1 2019,-486
Outpatient,Morrisania,C,Q1 2020,0
Outpatient,Morrisania,C,Q2 2019,-1215
Outpatient,Morrisania,C,Q2 2020,0
Outpatient,Morrisania,C,Q3 2018,-1467
Outpatient,Morrisania,C,Q3 2019,-165
Outpatient,Morrisania,C,Q4 2018,-1946
Outpatient,Morrisania,C,Q4 2019,0
Outpatient,Morrisania,D,Q1 2019,0
Outpatient,Morrisania,D,Q2 2019,0
Outpatient,Morrisania,D,Q4 2019,0
Outpatient,Morrisania,E,Q2 2019,0
Outpatient,Morrisania,F,Q2 2019,-145
Outpatient,Morrisania,F,Q3 2018,0
Outpatient,Morrisania,F,Q3 2019,-651
Outpatient,Morrisania,F,Q4 2018,0
Outpatient,Morrisania,H,Q1 2019,-118144
Outpatient,Morrisania,H,Q1 2020,-2322
Outpatient,Morrisania,H,Q2 2019,-126168
Outpatient,Morrisania,H,Q2 2020,-20
Outpatient,Morrisania,H,Q3 2018,-64045
Outpatient,Morrisania,H,Q3 2019,-54703
Outpatient,Morrisania,H,Q4 2018,-109375
Outpatient,Morrisania,H,Q4 2019,-5449
Outpatient,Morrisania,K,Q1 2019,-779614
Outpatient,Morrisania,K,Q1 2020,-8538
Outpatient,Morrisania,K,Q2 2019,-741444
Outpatient,Morrisania,K,Q2 2020,-353
Outpatient,Morrisania,K,Q3 2018,-573256
Outpatient,Morrisania,K,Q3 2019,-348158
Outpatient,Morrisania,K,Q4 2018,-898998
Outpatient,Morrisania,K,Q4 2019,-27872
Outpatient,Morrisania,M,Q1 2019,-44702
Outpatient,Morrisania,M,Q1 2020,0
Outpatient,Morrisania,M,Q2 2019,-59611
Outpatient,Morrisania,M,Q2 2020,0
Outpatient,Morrisania,M,Q3 2018,-43906
Outpatient,Morrisania,M,Q3 2019,-17625
Outpatient,Morrisania,M,Q4 2018,-51673
Outpatient,Morrisania,M,Q4 2019,-303
Outpatient,Morrisania,N,Q2 2019,-366
Outpatient,Morrisania,N,Q3 2019,0
Outpatient,Morrisania,R,Q1 2019,-542839
Outpatient,Morrisania,R,Q1 2020,-279
Outpatient,Morrisania,R,Q2 2019,-396833
Outpatient,Morrisania,R,Q2 2020,-801
Outpatient,Morrisania,R,Q3 2018,-260085
Outpatient,Morrisania,R,Q3 2019,-216567
Outpatient,Morrisania,R,Q4 2018,-303006
Outpatient,Morrisania,R,Q4 2019,-5675
Outpatient,Morrisania,S,Q1 2019,-38604
Outpatient,Morrisania,S,Q1 2020,-110
Outpatient,Morrisania,S,Q2 2019,-46100
Outpatient,Morrisania,S,Q2 2020,-3
Outpatient,Morrisania,S,Q3 2018,-23593
Outpatient,Morrisania,S,Q3 2019,-22154
Outpatient,Morrisania,S,Q4 2018,-29716
Outpatient,Morrisania,S,Q4 2019,-2981
Outpatient,Morrisania,U,Q1 2020,-323
Outpatient,Morrisania,U,Q2 2019,0
Outpatient,Morrisania,U,Q4 2018,-146
Outpatient,Morrisania,Z,Q1 2019,-224957
Outpatient,Morrisania,Z,Q1 2020,-285
Outpatient,Morrisania,Z,Q2 2019,-191152
Outpatient,Morrisania,Z,Q2 2020,-20
Outpatient,Morrisania,Z,Q3 2018,-113449
Outpatient,Morrisania,Z,Q3 2019,-58575
Outpatient,Morrisania,Z,Q4 2018,-97211
Outpatient,Morrisania,Z,Q4 2019,-1090
Outpatient,North Central Bronx,A,Q1 2019,0
Outpatient,North Central Bronx,A,Q4 2018,0
Outpatient,North Central Bronx,A,Q4 2019,0
Outpatient,North Central Bronx,B,Q4 2018,0
Outpatient,North Central Bronx,C,Q1 2019,0
Outpatient,North Central Bronx,C,Q4 2018,0
Outpatient,North Central Bronx,C,Q4 2019,0
Outpatient,North Central Bronx,D,Q1 2019,0
Outpatient,North Central Bronx,D,Q4 2018,0
Outpatient,North Central Bronx,F,Q4 2018,0
Outpatient,North Central Bronx,H,Q1 2019,0
Outpatient,North Central Bronx,H,Q1 2020,0
Outpatient,North Central Bronx,H,Q4 2018,-1740
Outpatient,North Central Bronx,H,Q4 2019,0
Outpatient,North Central Bronx,K,Q1 2019,-2010
Outpatient,North Central Bronx,K,Q1 2020,0
Outpatient,North Central Bronx,K,Q2 2019,0
Outpatient,North Central Bronx,K,Q2 2020,0
Outpatient,North Central Bronx,K,Q3 2019,0
Outpatient,North Central Bronx,K,Q4 2018,-25484
Outpatient,North Central Bronx,K,Q4 2019,0
Outpatient,North Central Bronx,M,Q1 2019,0
Outpatient,North Central Bronx,M,Q1 2020,0
Outpatient,North Central Bronx,M,Q2 2019,0
Outpatient,North Central Bronx,M,Q2 2020,0
Outpatient,North Central Bronx,M,Q3 2019,0
Outpatient,North Central Bronx,M,Q4 2018,-356
Outpatient,North Central Bronx,M,Q4 2019,0
Outpatient,North Central Bronx,R,Q1 2019,0
Outpatient,North Central Bronx,R,Q1 2020,0
Outpatient,North Central Bronx,R,Q2 2019,0
Outpatient,North Central Bronx,R,Q2 2020,0
Outpatient,North Central Bronx,R,Q3 2019,0
Outpatient,North Central Bronx,R,Q4 2018,-7643
Outpatient,North Central Bronx,R,Q4 2019,0
Outpatient,North Central Bronx,S,Q1 2019,0
Outpatient,North Central Bronx,S,Q4 2018,0
Outpatient,North Central Bronx,S,Q4 2019,0
Outpatient,North Central Bronx,W,Q4 2018,0
Outpatient,North Central Bronx,Y,Q4 2018,0
Outpatient,North Central Bronx,Z,Q1 2019,0
Outpatient,North Central Bronx,Z,Q1 2020,0
Outpatient,North Central Bronx,Z,Q2 2019,0
Outpatient,North Central Bronx,Z,Q2 2020,0
Outpatient,North Central Bronx,Z,Q3 2019,0
Outpatient,North Central Bronx,Z,Q4 2018,-83
Outpatient,North Central Bronx,Z,Q4 2019,0
Outpatient,Queens,A,Q1 2019,-194
Outpatient,Queens,A,Q4 2018,0
Outpatient,Queens,A,Q4 2019,0
Outpatient,Queens,B,Q4 2018,0
Outpatient,Queens,C,Q4 2018,0
Outpatient,Queens,E,Q4 2018,0
Outpatient,Queens,H,Q1 2019,-127
Outpatient,Queens,H,Q1 2020,0
Outpatient,Queens,H,Q4 2018,-2229
Outpatient,Queens,H,Q4 2019,0
Outpatient,Queens,K,Q1 2019,-1679
Outpatient,Queens,K,Q1 2020,0
Outpatient,Queens,K,Q2 2019,-3118
Outpatient,Queens,K,Q2 2020,0
Outpatient,Queens,K,Q3 2019,0
Outpatient,Queens,K,Q4 2018,-36629
Outpatient,Queens,K,Q4 2019,0
Outpatient,Queens,M,Q1 2019,0
Outpatient,Queens,M,Q1 2020,0
Outpatient,Queens,M,Q2 2019,0
Outpatient,Queens,M,Q2 2020,0
Outpatient,Queens,M,Q3 2019,0
Outpatient,Queens,M,Q4 2018,0
Outpatient,Queens,M,Q4 2019,0
Outpatient,Queens,P,Q4 2018,0
Outpatient,Queens,R,Q1 2019,0
Outpatient,Queens,R,Q1 2020,0
Outpatient,Queens,R,Q2 2019,0
Outpatient,Queens,R,Q2 2020,0
Outpatient,Queens,R,Q3 2019,0
Outpatient,Queens,R,Q4 2018,-8093
Outpatient,Queens,R,Q4 2019,0
Outpatient,Queens,S,Q1 2019,0
Outpatient,Queens,S,Q4 2018,0
Outpatient,Queens,S,Q4 2019,0
Outpatient,Queens,U,Q4 2018,0
Outpatient,Queens,V,Q4 2018,0
Outpatient,Queens,W,Q4 2018,0
Outpatient,Queens,Y,Q4 2018,0
Outpatient,Queens,Z,Q1 2019,-2364
Outpatient,Queens,Z,Q1 2020,0
Outpatient,Queens,Z,Q4 2018,0
Outpatient,Queens,Z,Q4 2019,0
Outpatient,Renaissance,A,Q1 2019,-14796
Outpatient,Renaissance,A,Q1 2020,-166
Outpatient,Renaissance,A,Q2 2019,-7056
Outpatient,Renaissance,A,Q2 2020,0
Outpatient,Renaissance,A,Q3 2018,-9797
Outpatient,Renaissance,A,Q3 2019,-720
Outpatient,Renaissance,A,Q4 2018,-16460
Outpatient,Renaissance,A,Q4 2019,-16
Outpatient,Renaissance,C,Q1 2019,-1715
Outpatient,Renaissance,C,Q1 2020,0
Outpatient,Renaissance,C,Q2 2019,-249
Outpatient,Renaissance,C,Q2 2020,0
Outpatient,Renaissance,C,Q3 2018,-640
Outpatient,Renaissance,C,Q3 2019,-15
Outpatient,Renaissance,C,Q4 2018,-2273
Outpatient,Renaissance,C,Q4 2019,115
Outpatient,Renaissance,E,Q1 2019,-635
Outpatient,Renaissance,E,Q1 2020,0
Outpatient,Renaissance,E,Q2 2019,-35
Outpatient,Renaissance,E,Q3 2018,-629
Outpatient,Renaissance,E,Q3 2019,0
Outpatient,Renaissance,E,Q4 2018,-60
Outpatient,Renaissance,F,Q1 2019,-148
Outpatient,Renaissance,H,Q1 2019,-40952
Outpatient,Renaissance,H,Q1 2020,-132
Outpatient,Renaissance,H,Q2 2019,-14846
Outpatient,Renaissance,H,Q2 2020,0
Outpatient,Renaissance,H,Q3 2018,-21881
Outpatient,Renaissance,H,Q3 2019,-2924
Outpatient,Renaissance,H,Q4 2018,-49397
Outpatient,Renaissance,H,Q4 2019,-887
Outpatient,Renaissance,I,Q4 2018,-246
Outpatient,Renaissance,J,Q1 2019,0
Outpatient,Renaissance,J,Q4 2018,0
Outpatient,Renaissance,K,Q1 2019,-264888
Outpatient,Renaissance,K,Q1 2020,0
Outpatient,Renaissance,K,Q2 2019,-91075
Outpatient,Renaissance,K,Q2 2020,-95
Outpatient,Renaissance,K,Q3 2018,-185199
Outpatient,Renaissance,K,Q3 2019,-2955
Outpatient,Renaissance,K,Q4 2018,-290168
Outpatient,Renaissance,K,Q4 2019,-2769
Outpatient,Renaissance,M,Q1 2019,-17362
Outpatient,Renaissance,M,Q1 2020,0
Outpatient,Renaissance,M,Q2 2019,-12426
Outpatient,Renaissance,M,Q2 2020,0
Outpatient,Renaissance,M,Q3 2018,-8790
Outpatient,Renaissance,M,Q3 2019,-674
Outpatient,Renaissance,M,Q4 2018,-19621
Outpatient,Renaissance,M,Q4 2019,141
Outpatient,Renaissance,N,Q1 2019,0
Outpatient,Renaissance,N,Q3 2018,0
Outpatient,Renaissance,R,Q1 2019,-208129
Outpatient,Renaissance,R,Q1 2020,43
Outpatient,Renaissance,R,Q2 2019,-93411
Outpatient,Renaissance,R,Q2 2020,-336
Outpatient,Renaissance,R,Q3 2018,-63538
Outpatient,Renaissance,R,Q3 2019,-3159
Outpatient,Renaissance,R,Q4 2018,-139646
Outpatient,Renaissance,R,Q4 2019,1165
Outpatient,Renaissance,S,Q1 2019,-18091
Outpatient,Renaissance,S,Q1 2020,0
Outpatient,Renaissance,S,Q2 2019,-7454
Outpatient,Renaissance,S,Q2 2020,-31
Outpatient,Renaissance,S,Q3 2018,-11856
Outpatient,Renaissance,S,Q3 2019,-3047
Outpatient,Renaissance,S,Q4 2018,-17329
Outpatient,Renaissance,S,Q4 2019,0
Outpatient,Renaissance,T,Q1 2019,-6
Outpatient,Renaissance,T,Q1 2020,0
Outpatient,Renaissance,T,Q2 2019,-6
Outpatient,Renaissance,T,Q3 2019,0
Outpatient,Renaissance,T,Q4 2019,0
Outpatient,Renaissance,Y,Q1 2019,-870
Outpatient,Renaissance,Y,Q1 2020,0
Outpatient,Renaissance,Y,Q2 2019,0
Outpatient,Renaissance,Y,Q2 2020,0
Outpatient,Renaissance,Y,Q3 2018,-114
Outpatient,Renaissance,Y,Q3 2019,0
Outpatient,Renaissance,Y,Q4 2018,-194
Outpatient,Renaissance,Y,Q4 2019,0
Outpatient,Renaissance,Z,Q1 2019,-93145
Outpatient,Renaissance,Z,Q1 2020,0
Outpatient,Renaissance,Z,Q2 2019,-24293
Outpatient,Renaissance,Z,Q3 2018,-45212
Outpatient,Renaissance,Z,Q3 2019,-440
Outpatient,Renaissance,Z,Q4 2018,-43639
Outpatient,Renaissance,Z,Q4 2019,-10
Outpatient,Woodhull,A,Q1 2019,-49532
Outpatient,Woodhull,A,Q1 2020,-15
Outpatient,Woodhull,A,Q2 2019,-594
Outpatient,Woodhull,A,Q2 2020,-83
Outpatient,Woodhull,A,Q3 2018,-324142
Outpatient,Woodhull,A,Q3 2019,-1036
Outpatient,Woodhull,A,Q4 2018,-291124
Outpatient,Woodhull,A,Q4 2019,-3370
Outpatient,Woodhull,B,Q1 2019,-231
Outpatient,Woodhull,B,Q2 2020,0
Outpatient,Woodhull,B,Q3 2018,-140
Outpatient,Woodhull,B,Q3 2019,0
Outpatient,Woodhull,B,Q4 2018,-1934
Outpatient,Woodhull,C,Q1 2019,-4604
Outpatient,Woodhull,C,Q1 2020,-153
Outpatient,Woodhull,C,Q2 2019,619
Outpatient,Woodhull,C,Q2 2020,0
Outpatient,Woodhull,C,Q3 2018,-60531
Outpatient,Woodhull,C,Q3 2019,-5531
Outpatient,Woodhull,C,Q4 2018,-70095
Outpatient,Woodhull,C,Q4 2019,-1017
Outpatient,Woodhull,D,Q1 2019,-100
Outpatient,Woodhull,D,Q1 2020,0
Outpatient,Woodhull,D,Q3 2018,-3633
Outpatient,Woodhull,D,Q3 2019,0
Outpatient,Woodhull,D,Q4 2018,-784
Outpatient,Woodhull,E,Q1 2019,-30
Outpatient,Woodhull,E,Q1 2020,0
Outpatient,Woodhull,E,Q2 2019,0
Outpatient,Woodhull,E,Q2 2020,0
Outpatient,Woodhull,E,Q3 2018,-2007
Outpatient,Woodhull,E,Q3 2019,0
Outpatient,Woodhull,E,Q4 2018,-2865
Outpatient,Woodhull,E,Q4 2019,-138
Outpatient,Woodhull,F,Q1 2019,0
Outpatient,Woodhull,F,Q3 2018,-232
Outpatient,Woodhull,F,Q4 2018,-173
Outpatient,Woodhull,G,Q1 2019,0
Outpatient,Woodhull,G,Q3 2018,-1516
Outpatient,Woodhull,G,Q4 2018,-200
Outpatient,Woodhull,H,Q1 2019,-73030
Outpatient,Woodhull,H,Q1 2020,-917
Outpatient,Woodhull,H,Q2 2019,-13656
Outpatient,Woodhull,H,Q2 2020,0
Outpatient,Woodhull,H,Q3 2018,-471006
Outpatient,Woodhull,H,Q3 2019,-8959
Outpatient,Woodhull,H,Q4 2018,-509878
Outpatient,Woodhull,H,Q4 2019,-1776
Outpatient,Woodhull,I,Q1 2019,-1067
Outpatient,Woodhull,I,Q1 2020,0
Outpatient,Woodhull,I,Q2 2020,0
Outpatient,Woodhull,I,Q3 2018,-6054
Outpatient,Woodhull,I,Q3 2019,0
Outpatient,Woodhull,I,Q4 2018,-9092
Outpatient,Woodhull,J,Q3 2018,-68
Outpatient,Woodhull,J,Q4 2018,-172
Outpatient,Woodhull,K,Q1 2019,-121252
Outpatient,Woodhull,K,Q1 2020,-93
Outpatient,Woodhull,K,Q2 2019,-1630
Outpatient,Woodhull,K,Q2 2020,0
Outpatient,Woodhull,K,Q3 2018,-1656728
Outpatient,Woodhull,K,Q3 2019,-86123
Outpatient,Woodhull,K,Q4 2018,-1308017
Outpatient,Woodhull,K,Q4 2019,-34899
Outpatient,Woodhull,L,Q3 2018,-1866
Outpatient,Woodhull,L,Q4 2018,0
Outpatient,Woodhull,M,Q1 2019,-28163
Outpatient,Woodhull,M,Q1 2020,-669
Outpatient,Woodhull,M,Q2 2019,1038
Outpatient,Woodhull,M,Q2 2020,0
Outpatient,Woodhull,M,Q3 2018,-392076
Outpatient,Woodhull,M,Q3 2019,-3229
Outpatient,Woodhull,M,Q4 2018,-303855
Outpatient,Woodhull,M,Q4 2019,893
Outpatient,Woodhull,N,Q1 2019,0
Outpatient,Woodhull,N,Q1 2020,0
Outpatient,Woodhull,N,Q3 2018,-953
Outpatient,Woodhull,N,Q3 2019,0
Outpatient,Woodhull,N,Q4 2018,-2071
Outpatient,Woodhull,N,Q4 2019,-105
Outpatient,Woodhull,P,Q1 2019,-168
Outpatient,Woodhull,P,Q2 2019,0
Outpatient,Woodhull,P,Q3 2018,-2701
Outpatient,Woodhull,P,Q3 2019,0
Outpatient,Woodhull,P,Q4 2018,-2728
Outpatient,Woodhull,R,Q1 2019,-294150
Outpatient,Woodhull,R,Q1 2020,-1616
Outpatient,Woodhull,R,Q2 2019,-4147
Outpatient,Woodhull,R,Q2 2020,0
Outpatient,Woodhull,R,Q3 2018,-1596761
Outpatient,Woodhull,R,Q3 2019,-28407
Outpatient,Woodhull,R,Q4 2018,-1416615
Outpatient,Woodhull,R,Q4 2019,-18246
Outpatient,Woodhull,S,Q1 2019,-189282
Outpatient,Woodhull,S,Q1 2020,-1898
Outpatient,Woodhull,S,Q2 2019,-9735
Outpatient,Woodhull,S,Q2 2020,0
Outpatient,Woodhull,S,Q3 2018,-458763
Outpatient,Woodhull,S,Q3 2019,-7560
Outpatient,Woodhull,S,Q4 2018,-500244
Outpatient,Woodhull,S,Q4 2019,-3971
Outpatient,Woodhull,T,Q2 2019,-73
Outpatient,Woodhull,T,Q3 2018,-933
Outpatient,Woodhull,T,Q4 2018,-1341
Outpatient,Woodhull,U,Q4 2018,0
Outpatient,Woodhull,V,Q3 2018,0
Outpatient,Woodhull,V,Q3 2019,0
Outpatient,Woodhull,W,Q1 2019,-653
Outpatient,Woodhull,W,Q2 2019,0
Outpatient,Woodhull,W,Q2 2020,0
Outpatient,Woodhull,W,Q3 2018,-1293
Outpatient,Woodhull,W,Q3 2019,-619
Outpatient,Woodhull,W,Q4 2018,-13458
Outpatient,Woodhull,W,Q4 2019,0
Outpatient,Woodhull,Y,Q1 2019,-2368
Outpatient,Woodhull,Y,Q2 2019,0
Outpatient,Woodhull,Y,Q2 2020,0
Outpatient,Woodhull,Y,Q3 2018,-14218
Outpatient,Woodhull,Y,Q3 2019,0
Outpatient,Woodhull,Y,Q4 2018,-10361
Outpatient,Woodhull,Z,Q1 2019,-114885
Outpatient,Woodhull,Z,Q1 2020,-139
Outpatient,Woodhull,Z,Q2 2019,-2660
Outpatient,Woodhull,Z,Q2 2020,0
Outpatient,Woodhull,Z,Q3 2018,-1232114
Outpatient,Woodhull,Z,Q3 2019,-3272
Outpatient,Woodhull,Z,Q4 2018,-899647
Outpatient,Woodhull,Z,Q4 2019,-14427
